Workbook

Sheet Inputs
A1: Stormwater detention | calculation workbook
A2: Green cells contain independent formulas. Scenario tables are saved Python results; changing this workbook does not rerun the grid.
A3: Parking area | B3: 4000 | C3: m²
A4: Basin footprint | B4: 200 | C4: m²
A5: Curve number | B5: 98 | C5: assumed
A6: Initial abstraction / S | B6: 0.2 | C6: ratio
A7: Lag | B7: 10 | C7: min
A8: Discharge coefficient | B8: 0.62 | C8: assumed
A9: Gravity | B9: 9.80665 | C9: m/s²
A10: Selected depth | B10: 0.75 | C10: m; example if infeasible
A11: Outlet side | B11: 0.1 | C11: m
A12: Final simulation step | B12: 1.875 | C12: s
A13: Storage capacity | B13: =B4*B10 -> 150 | C13: m³
A14: Design rainfall | B14: 50 | C14: mm
A15: Absolute check tolerance | B15: 1e-08 | C15: m³
A18: Site area is 4,200 m² in every default case. Direct footprint rainfall joins the baseline discharge or basin storage. Zero basin infiltration; detention changes timing, not total event runoff.

Sheet Runoff checks
A1: Independent CN volume calculation
A2: These cells calculate retention, initial abstraction, excess depth, and runoff volume directly from Excel formulas. Column H is only the comparison reference.
A4: Rain (mm) | B4: S (mm) | C4: Ia (mm) | D4: Excess (mm) | E4: Parking (m³) | F4: Footprint (m³) | G4: Total (m³) | H4: Python total (m³) | I4: Difference (m³) | J4: Pass
A5: 25 | B5: =25400/Inputs!B5-254 -> 5.1836735 | C5: =Inputs!B6*B5 -> 1.0367347 | D5: =IF(A5<=C5,0,(A5-C5)^2/(A5-C5+B5)) -> 19.701489 | E5: =D5*Inputs!B3/1000 -> 78.805955 | F5: =A5*Inputs!B4/1000 -> 5 | G5: =E5+F5 -> 83.805955 | H5: 83.805955 | I5: =G5-H5 -> 0 | J5: =ABS(I5)<=Inputs!B15 -> TRUE
A6: 50 | B6: =25400/Inputs!B5-254 -> 5.1836735 | C6: =Inputs!B6*B6 -> 1.0367347 | D6: =IF(A6<=C6,0,(A6-C6)^2/(A6-C6+B6)) -> 44.275843 | E6: =D6*Inputs!B3/1000 -> 177.10337 | F6: =A6*Inputs!B4/1000 -> 10 | G6: =E6+F6 -> 187.10337 | H6: 187.10337 | I6: =G6-H6 -> -2.8421709e-14 | J6: =ABS(I6)<=Inputs!B15 -> TRUE
A7: 100 | B7: =25400/Inputs!B5-254 -> 5.1836735 | C7: =Inputs!B6*B7 -> 1.0367347 | D7: =IF(A7<=C7,0,(A7-C7)^2/(A7-C7+B7)) -> 94.037597 | E7: =D7*Inputs!B3/1000 -> 376.15039 | F7: =A7*Inputs!B4/1000 -> 20 | G7: =E7+F7 -> 396.15039 | H7: 396.15039 | I7: =G7-H7 -> 0 | J7: =ABS(I7)<=Inputs!B15 -> TRUE
A11: Try CN 95 or 100 on Inputs. Columns B–G recompute; the Python reference stays fixed until run_project.py is rerun. Initial abstraction is applied once to cumulative rainfall. Depth × area / 1,000 converts mm to m³.

Sheet Storage check
A1: Independent continuity | blocked outlet
A2: A separate exact fixture: 1 m³/s for eight 5-second steps into a 20 m³ tank, with no controlled outlet. After filling, every extra m³ becomes overflow.
A3: Capacity (m³) | B3: 20 | D3: Step (s) | E3: 5
A5: Step | B5: Time end (s) | C5: Inflow (m³/s) | D5: Start S (m³) | E5: Available (m³) | F5: End S (m³) | G5: Overflow (m³) | H5: Cumulative overflow | I5: Step residual (m³)
A6: 1 | B6: =A6*$E$3 -> 5 | C6: 1 | D6: 0 | E6: =D6+C6*$E$3 -> 5 | F6: =MIN($B$3,E6) -> 5 | G6: =MAX(E6-$B$3,0) -> 0 | H6: =G6 -> 0 | I6: =D6+C6*$E$3-F6-G6 -> 0
A7: 2 | B7: =A7*$E$3 -> 10 | C7: 1 | D7: =F6 -> 5 | E7: =D7+C7*$E$3 -> 10 | F7: =MIN($B$3,E7) -> 10 | G7: =MAX(E7-$B$3,0) -> 0 | H7: =H6+G7 -> 0 | I7: =D7+C7*$E$3-F7-G7 -> 0
A8: 3 | B8: =A8*$E$3 -> 15 | C8: 1 | D8: =F7 -> 10 | E8: =D8+C8*$E$3 -> 15 | F8: =MIN($B$3,E8) -> 15 | G8: =MAX(E8-$B$3,0) -> 0 | H8: =H7+G8 -> 0 | I8: =D8+C8*$E$3-F8-G8 -> 0
A9: 4 | B9: =A9*$E$3 -> 20 | C9: 1 | D9: =F8 -> 15 | E9: =D9+C9*$E$3 -> 20 | F9: =MIN($B$3,E9) -> 20 | G9: =MAX(E9-$B$3,0) -> 0 | H9: =H8+G9 -> 0 | I9: =D9+C9*$E$3-F9-G9 -> 0
A10: 5 | B10: =A10*$E$3 -> 25 | C10: 1 | D10: =F9 -> 20 | E10: =D10+C10*$E$3 -> 25 | F10: =MIN($B$3,E10) -> 20 | G10: =MAX(E10-$B$3,0) -> 5 | H10: =H9+G10 -> 5 | I10: =D10+C10*$E$3-F10-G10 -> 0
A11: 6 | B11: =A11*$E$3 -> 30 | C11: 1 | D11: =F10 -> 20 | E11: =D11+C11*$E$3 -> 25 | F11: =MIN($B$3,E11) -> 20 | G11: =MAX(E11-$B$3,0) -> 5 | H11: =H10+G11 -> 10 | I11: =D11+C11*$E$3-F11-G11 -> 0
A12: 7 | B12: =A12*$E$3 -> 35 | C12: 1 | D12: =F11 -> 20 | E12: =D12+C12*$E$3 -> 25 | F12: =MIN($B$3,E12) -> 20 | G12: =MAX(E12-$B$3,0) -> 5 | H12: =H11+G12 -> 15 | I12: =D12+C12*$E$3-F12-G12 -> 0
A13: 8 | B13: =A13*$E$3 -> 40 | C13: 1 | D13: =F12 -> 20 | E13: =D13+C13*$E$3 -> 25 | F13: =MIN($B$3,E13) -> 20 | G13: =MAX(E13-$B$3,0) -> 5 | H13: =H12+G13 -> 20 | I13: =D13+C13*$E$3-F13-G13 -> 0
A16: Total input (m³) | B16: =8*$E$3 -> 40
A17: Storage + overflow (m³) | B17: =F13+H13 -> 40
A18: Water balance pass | B18: =ABS(B16-B17)<=Inputs!B15 -> TRUE

Sheet Implicit step
A1: Independent Excel bisection | one storage step
A2: 45 formula iterations solve Snew + dt × Q(Snew/A) = Sold + Vin. This reproduces a controlled-outlet step without calling Python's root finder.
A4: Area (m²) | B4: 200 | I4: Formula final S (m³) | J4: =D59 -> 41.285453
A5: Capacity (m³) | B5: 120 | I5: Python comparison S | J5: 41.285453
A6: Old storage (m³) | B6: 40 | I6: Difference (m³) | J6: =J4-J5 -> -1.0871304e-12
A7: Inflow volume (m³) | B7: 1.5 | I7: Independent check pass | J7: =ABS(J6)<=Inputs!B15 -> TRUE
A8: Step (s) | B8: 30 | I8: Equation residual (m³) | J8: =G59 -> -1.0871304e-12
A9: Opening side (m) | B9: 0.08
A10: Cd | B10: 0.62
A11: Gravity (m/s²) | B11: 9.80665
A14: Iteration | B14: Lower S | C14: Upper S | D14: Midpoint S | E14: Depth (m) | F14: Outlet (m³/s) | G14: Equation residual (m³)
A15: 1 | B15: 0 | C15: =MIN($B$5,$B$6+$B$7) -> 41.5 | D15: =(B15+C15)/2 -> 20.75 | E15: =D15/$B$4 -> 0.10375 | F15: =(2/3)*$B$10*$B$9*SQRT(2*$B$11)*(E15^1.5-MAX(E15-$B$9,0)^1.5) -> 0.0043578236 | G15: =D15+$B$8*F15-($B$6+$B$7) -> -20.619265
A16: 2 | B16: =IF(G15>0,B15,D15) -> 20.75 | C16: =IF(G15>0,D15,C15) -> 41.5 | D16: =(B16+C16)/2 -> 31.125 | E16: =D16/$B$4 -> 0.155625 | F16: =(2/3)*$B$10*$B$9*SQRT(2*$B$11)*(E16^1.5-MAX(E16-$B$9,0)^1.5) -> 0.0059449831 | G16: =D16+$B$8*F16-($B$6+$B$7) -> -10.196651
A17: 3 | B17: =IF(G16>0,B16,D16) -> 31.125 | C17: =IF(G16>0,D16,C16) -> 41.5 | D17: =(B17+C17)/2 -> 36.3125 | E17: =D17/$B$4 -> 0.1815625 | F17: =(2/3)*$B$10*$B$9*SQRT(2*$B$11)*(E17^1.5-MAX(E17-$B$9,0)^1.5) -> 0.0065894863 | G17: =D17+$B$8*F17-($B$6+$B$7) -> -4.9898154
A18: 4 | B18: =IF(G17>0,B17,D17) -> 36.3125 | C18: =IF(G17>0,D17,C17) -> 41.5 | D18: =(B18+C18)/2 -> 38.90625 | E18: =D18/$B$4 -> 0.19453125 | F18: =(2/3)*$B$10*$B$9*SQRT(2*$B$11)*(E18^1.5-MAX(E18-$B$9,0)^1.5) -> 0.0068885109 | G18: =D18+$B$8*F18-($B$6+$B$7) -> -2.3870947
A19: 5 | B19: =IF(G18>0,B18,D18) -> 38.90625 | C19: =IF(G18>0,D18,C18) -> 41.5 | D19: =(B19+C19)/2 -> 40.203125 | E19: =D19/$B$4 -> 0.20101563 | F19: =(2/3)*$B$10*$B$9*SQRT(2*$B$11)*(E19^1.5-MAX(E19-$B$9,0)^1.5) -> 0.0070331447 | G19: =D19+$B$8*F19-($B$6+$B$7) -> -1.0858807
A20: 6 | B20: =IF(G19>0,B19,D19) -> 40.203125 | C20: =IF(G19>0,D19,C19) -> 41.5 | D20: =(B20+C20)/2 -> 40.851562 | E20: =D20/$B$4 -> 0.20425781 | F20: =(2/3)*$B$10*$B$9*SQRT(2*$B$11)*(E20^1.5-MAX(E20-$B$9,0)^1.5) -> 0.0071043337 | G20: =D20+$B$8*F20-($B$6+$B$7) -> -0.43530749
A21: 7 | B21: =IF(G20>0,B20,D20) -> 40.851562 | C21: =IF(G20>0,D20,C20) -> 41.5 | D21: =(B21+C21)/2 -> 41.175781 | E21: =D21/$B$4 -> 0.20587891 | F21: =(2/3)*$B$10*$B$9*SQRT(2*$B$11)*(E21^1.5-MAX(E21-$B$9,0)^1.5) -> 0.0071396565 | G21: =D21+$B$8*F21-($B$6+$B$7) -> -0.11002906
A22: 8 | B22: =IF(G21>0,B21,D21) -> 41.175781 | C22: =IF(G21>0,D21,C21) -> 41.5 | D22: =(B22+C22)/2 -> 41.337891 | E22: =D22/$B$4 -> 0.20668945 | F22: =(2/3)*$B$10*$B$9*SQRT(2*$B$11)*(E22^1.5-MAX(E22-$B$9,0)^1.5) -> 0.0071572512 | G22: =D22+$B$8*F22-($B$6+$B$7) -> 0.05260816
A23: 9 | B23: =IF(G22>0,B22,D22) -> 41.175781 | C23: =IF(G22>0,D22,C22) -> 41.337891 | D23: =(B23+C23)/2 -> 41.256836 | E23: =D23/$B$4 -> 0.20628418 | F23: =(2/3)*$B$10*$B$9*SQRT(2*$B$11)*(E23^1.5-MAX(E23-$B$9,0)^1.5) -> 0.0071484593 | G23: =D23+$B$8*F23-($B$6+$B$7) -> -0.028710283
A24: 10 | B24: =IF(G23>0,B23,D23) -> 41.256836 | C24: =IF(G23>0,D23,C23) -> 41.337891 | D24: =(B24+C24)/2 -> 41.297363 | E24: =D24/$B$4 -> 0.20648682 | F24: =(2/3)*$B$10*$B$9*SQRT(2*$B$11)*(E24^1.5-MAX(E24-$B$9,0)^1.5) -> 0.0071528566 | G24: =D24+$B$8*F24-($B$6+$B$7) -> 0.01194898
A25: 11 | B25: =IF(G24>0,B24,D24) -> 41.256836 | C25: =IF(G24>0,D24,C24) -> 41.297363 | D25: =(B25+C25)/2 -> 41.2771 | E25: =D25/$B$4 -> 0.2063855 | F25: =(2/3)*$B$10*$B$9*SQRT(2*$B$11)*(E25^1.5-MAX(E25-$B$9,0)^1.5) -> 0.0071506583 | G25: =D25+$B$8*F25-($B$6+$B$7) -> -0.008380641
A26: 12 | B26: =IF(G25>0,B25,D25) -> 41.2771 | C26: =IF(G25>0,D25,C25) -> 41.297363 | D26: =(B26+C26)/2 -> 41.287231 | E26: =D26/$B$4 -> 0.20643616 | F26: =(2/3)*$B$10*$B$9*SQRT(2*$B$11)*(E26^1.5-MAX(E26-$B$9,0)^1.5) -> 0.0071517576 | G26: =D26+$B$8*F26-($B$6+$B$7) -> 0.001784172
A27: 13 | B27: =IF(G26>0,B26,D26) -> 41.2771 | C27: =IF(G26>0,D26,C26) -> 41.287231 | D27: =(B27+C27)/2 -> 41.282166 | E27: =D27/$B$4 -> 0.20641083 | F27: =(2/3)*$B$10*$B$9*SQRT(2*$B$11)*(E27^1.5-MAX(E27-$B$9,0)^1.5) -> 0.007151208 | G27: =D27+$B$8*F27-($B$6+$B$7) -> -0.0032982338
... A59: 45 | B59: =IF(G58>0,B58,D58) -> 41.285453 | C59: =IF(G58>0,D58,C58) -> 41.285453 | D59: =(B59+C59)/2 -> 41.285453 | E59: =D59/$B$4 -> 0.20642727 | F59: =(2/3)*$B$10*$B$9*SQRT(2*$B$11)*(E59^1.5-MAX(E59-$B$9,0)^1.5) -> 0.0071515646 | G59: =D59+$B$8*F59-($B$6+$B$7) -> -1.0871304e-12

Sheet Scenarios
A1: All candidate-event results
A2: Imported numerical results at the verified final resolution; flow is m³/s and downstream discharge includes overflow.
A4: event_id | B4: rainfall_mm | C4: shape | D4: dt_s | E4: horizon_h | F4: curve_number | G4: lag_min | H4: discharge_coefficient | I4: rainfall_total_mm | J4: parking_runoff_m3 | K4: direct_rain_m3 | L4: total_inflow_m3 | M4: runoff_generation_error_m3 | N4: transform_error_m3 | O4: inflow_tail_end_h | P4: baseline_peak_m3_s | Q4: baseline_time_to_peak_min | R4: design_id | S4: storage_depth_m | T4: capacity_m3 | U4: outlet_side_mm | V4: peak_downstream_m3_s | W4: peak_reduction_pct | X4: time_to_peak_min | Y4: maximum_storage_m3 | Z4: maximum_depth_m | AA4: overflow_m3 | AB4: overflow_onset_min | AC4: controlled_discharge_m3 | AD4: total_discharge_m3 | AE4: residual_storage_m3 | AF4: drawdown_h_after_rain | AG4: routing_balance_error_m3 | AH4: routing_balance_relative_error | AI4: peak_pass | AJ4: overflow_pass | AK4: drawdown_pass | AL4: simulation_runtime_s | AM4: all_pass
A5: 25mm_uniform | B5: 25 | C5: uniform | D5: 1.875 | E5: 60 | F5: 98 | G5: 10 | H5: 0.62 | I5: 25 | J5: 78.805955 | K5: 5 | L5: 83.805955 | M5: -1.4210855e-14 | N5: 1.4210855e-14 | O5: 1.834375 | P5: 0.027765527 | Q5: 59.984375 | R5: h0.150_o40 | S5: 0.15 | T5: 30 | U5: 40 | V5: 0.027765527 | W5: -2.3092639e-12 | X5: 59.984375 | Y5: 30 | Z5: 0.15 | AA5: 47.694353 | AB5: 40.28125 | AC5: 35.985701 | AD5: 83.680054 | AE5: 0.12590053 | AF5: 37.699157 | AG5: -5.1908478e-13 | AH5: 6.1938889e-15 | AI5: FALSE | AJ5: FALSE | AK5: FALSE | AL5: 1.0452363 | AM5: FALSE
A6: 25mm_uniform | B6: 25 | C6: uniform | D6: 1.875 | E6: 30 | F6: 98 | G6: 10 | H6: 0.62 | I6: 25 | J6: 78.805955 | K6: 5 | L6: 83.805955 | M6: -1.4210855e-14 | N6: 1.4210855e-14 | O6: 1.834375 | P6: 0.027765527 | Q6: 59.984375 | R6: h0.150_o60 | S6: 0.15 | T6: 30 | U6: 60 | V6: 0.027765527 | W6: -2.3092639e-12 | X6: 59.984375 | Y6: 30 | Z6: 0.15 | AA6: 41.845344 | AB6: 41.1875 | AC6: 41.743706 | AD6: 83.58905 | AE6: 0.21690471 | AF6: 24.401299 | AG6: 1.0904333e-12 | AH6: 1.3011406e-14 | AI6: FALSE | AJ6: FALSE | AK6: FALSE | AL6: 0.352349 | AM6: FALSE
A7: 25mm_uniform | B7: 25 | C7: uniform | D7: 1.875 | E7: 30 | F7: 98 | G7: 10 | H7: 0.62 | I7: 25 | J7: 78.805955 | K7: 5 | L7: 83.805955 | M7: -1.4210855e-14 | N7: 1.4210855e-14 | O7: 1.834375 | P7: 0.027765527 | Q7: 59.984375 | R7: h0.150_o80 | S7: 0.15 | T7: 30 | U7: 80 | V7: 0.027765527 | W7: -2.3092639e-12 | X7: 59.984375 | Y7: 30 | Z7: 0.15 | AA7: 35.11506 | AB7: 42.375 | AC7: 48.566706 | AD7: 83.681766 | AE7: 0.12418842 | AF7: 18.141662 | AG7: 3.8942821e-11 | AH7: 4.6467845e-13 | AI7: FALSE | AJ7: FALSE | AK7: TRUE | AL7: 0.35005429 | AM7: FALSE
A8: 25mm_uniform | B8: 25 | C8: uniform | D8: 1.875 | E8: 30 | F8: 98 | G8: 10 | H8: 0.62 | I8: 25 | J8: 78.805955 | K8: 5 | L8: 83.805955 | M8: -1.4210855e-14 | N8: 1.4210855e-14 | O8: 1.834375 | P8: 0.027765527 | Q8: 59.984375 | R8: h0.150_o100 | S8: 0.15 | T8: 30 | U8: 100 | V8: 0.027765527 | W8: -2.3092639e-12 | X8: 59.984375 | Y8: 30 | Z8: 0.15 | AA8: 28.062868 | AB8: 43.8125 | AC8: 55.662222 | AD8: 83.725089 | AE8: 0.080865584 | AF8: 14.485263 | AG8: 1.7799161e-10 | AH8: 2.1238539e-12 | AI8: FALSE | AJ8: FALSE | AK8: TRUE | AL8: 0.34875875 | AM8: FALSE
A9: 25mm_uniform | B9: 25 | C9: uniform | D9: 1.875 | E9: 60 | F9: 98 | G9: 10 | H9: 0.62 | I9: 25 | J9: 78.805955 | K9: 5 | L9: 83.805955 | M9: -1.4210855e-14 | N9: 1.4210855e-14 | O9: 1.834375 | P9: 0.027765527 | Q9: 59.984375 | R9: h0.300_o40 | S9: 0.3 | T9: 60 | U9: 40 | V9: 0.026398686 | W9: 4.9227966 | X9: 60.828125 | Y9: 60 | Z9: 0.3 | AA9: 16.189941 | AB9: 60.34375 | AC9: 67.47047 | AD9: 83.660411 | AE9: 0.14554337 | AF9: 30.452305 | AG9: -3.2676639e-12 | AH9: 3.8990832e-14 | AI9: FALSE | AJ9: FALSE | AK9: FALSE | AL9: 1.0517302 | AM9: FALSE
A10: 25mm_uniform | B10: 25 | C10: uniform | D10: 1.875 | E10: 30 | F10: 98 | G10: 10 | H10: 0.62 | I10: 25 | J10: 78.805955 | K10: 5 | L10: 83.805955 | M10: -1.4210855e-14 | N10: 1.4210855e-14 | O10: 1.834375 | P10: 0.027765527 | Q10: 59.984375 | R10: h0.300_o60 | S10: 0.3 | T10: 60 | U10: 60 | V10: 0.025885941 | W10: 6.7694922 | X10: 63.453125 | Y10: 60 | Z10: 0.3 | AA10: 9.0312973 | AB10: 63.40625 | AC10: 74.528061 | AD10: 83.559358 | AE10: 0.24659627 | AF10: 18.659184 | AG10: -2.0620922e-11 | AH10: 2.4605557e-13 | AI10: FALSE | AJ10: FALSE | AK10: TRUE | AL10: 0.36285225 | AM10: FALSE
A11: 25mm_uniform | B11: 25 | C11: uniform | D11: 1.875 | E11: 30 | F11: 98 | G11: 10 | H11: 0.62 | I11: 25 | J11: 78.805955 | K11: 5 | L11: 83.805955 | M11: -1.4210855e-14 | N11: 1.4210855e-14 | O11: 1.834375 | P11: 0.027765527 | Q11: 59.984375 | R11: h0.300_o80 | S11: 0.3 | T11: 60 | U11: 80 | V11: 0.01715569 | W11: 38.212263 | X11: 69.765625 | Y11: 60 | Z11: 0.3 | AA11: 1.0698561 | AB11: 69.71875 | AC11: 82.602557 | AD11: 83.672413 | AE11: 0.13354152 | AF11: 13.489132 | AG11: -5.601461e-11 | AH11: 6.683846e-13 | AI11: FALSE | AJ11: FALSE | AK11: TRUE | AL11: 0.35652183 | AM11: FALSE
A12: 25mm_uniform | B12: 25 | C12: uniform | D12: 1.875 | E12: 30 | F12: 98 | G12: 10 | H12: 0.62 | I12: 25 | J12: 78.805955 | K12: 5 | L12: 83.805955 | M12: -1.4210855e-14 | N12: 1.4210855e-14 | O12: 1.834375 | P12: 0.027765527 | Q12: 59.984375 | R12: h0.300_o100 | S12: 0.3 | T12: 60 | U12: 100 | V12: 0.012766288 | W12: 54.021086 | X12: 72.015625 | Y12: 53.427599 | Z12: 0.26713799 | AA12: 0 | AC12: 83.721958 | AD12: 83.721958 | AE12: 0.08399693 | AF12: 10.462674 | AG12: -2.2722935e-12 | AH12: 2.7113747e-14 | AI12: TRUE | AJ12: TRUE | AK12: TRUE | AL12: 0.36117225 | AM12: TRUE
A13: 25mm_uniform | B13: 25 | C13: uniform | D13: 1.875 | E13: 30 | F13: 98 | G13: 10 | H13: 0.62 | I13: 25 | J13: 78.805955 | K13: 5 | L13: 83.805955 | M13: -1.4210855e-14 | N13: 1.4210855e-14 | O13: 1.834375 | P13: 0.027765527 | Q13: 59.984375 | R13: h0.450_o40 | S13: 0.45 | T13: 90 | U13: 40 | V13: 0.0026338248 | W13: 90.514047 | X13: 81.703125 | Y13: 75.902139 | Z13: 0.37951069 | AA13: 0 | AC13: 83.037645 | AD13: 83.037645 | AE13: 0.76831016 | AF13: 27.137915 | AG13: -2.3500091e-12 | AH13: 2.8041075e-14 | AI13: TRUE | AJ13: TRUE | AK13: FALSE | AL13: 0.35050579 | AM13: FALSE
A14: 25mm_uniform | B14: 25 | C14: uniform | D14: 1.875 | E14: 30 | F14: 98 | G14: 10 | H14: 0.62 | I14: 25 | J14: 78.805955 | K14: 5 | L14: 83.805955 | M14: -1.4210855e-14 | N14: 1.4210855e-14 | O14: 1.834375 | P14: 0.027765527 | Q14: 59.984375 | R14: h0.450_o60 | S14: 0.45 | T14: 90 | U14: 60 | V14: 0.0055368069 | W14: 80.0587 | X14: 77.109375 | Y14: 68.797263 | Z14: 0.34398632 | AA14: 0 | AC14: 83.551463 | AD14: 83.551463 | AE14: 0.25449167 | AF14: 15.720141 | AG14: -2.7442548e-11 | AH14: 3.2745344e-13 | AI14: TRUE | AJ14: TRUE | AK14: TRUE | AL14: 0.36494563 | AM14: TRUE
A15: 25mm_uniform | B15: 25 | C15: uniform | D15: 1.875 | E15: 30 | F15: 98 | G15: 10 | H15: 0.62 | I15: 25 | J15: 78.805955 | K15: 5 | L15: 83.805955 | M15: -1.4210855e-14 | N15: 1.4210855e-14 | O15: 1.834375 | P15: 0.027765527 | Q15: 59.984375 | R15: h0.450_o80 | S15: 0.45 | T15: 90 | U15: 80 | V15: 0.0090421999 | W15: 67.433717 | X15: 74.203125 | Y15: 61.053136 | Z15: 0.30526568 | AA15: 0 | AC15: 83.672126 | AD15: 83.672126 | AE15: 0.1338285 | AF15: 10.978476 | AG15: -6.6061906e-11 | AH15: 7.8827222e-13 | AI15: TRUE | AJ15: TRUE | AK15: TRUE | AL15: 0.36616642 | AM15: TRUE
A16: 25mm_uniform | B16: 25 | C16: uniform | D16: 1.875 | E16: 30 | F16: 98 | G16: 10 | H16: 0.62 | I16: 25 | J16: 78.805955 | K16: 5 | L16: 83.805955 | M16: -1.4210855e-14 | N16: 1.4210855e-14 | O16: 1.834375 | P16: 0.027765527 | Q16: 59.984375 | R16: h0.450_o100 | S16: 0.45 | T16: 90 | U16: 100 | V16: 0.012766288 | W16: 54.021086 | X16: 72.015625 | Y16: 53.427599 | Z16: 0.26713799 | AA16: 0 | AC16: 83.721958 | AD16: 83.721958 | AE16: 0.08399693 | AF16: 8.4289169 | AG16: -2.2722935e-12 | AH16: 2.7113747e-14 | AI16: TRUE | AJ16: TRUE | AK16: TRUE | AL16: 0.35860162 | AM16: TRUE
A17: 25mm_uniform | B17: 25 | C17: uniform | D17: 1.875 | E17: 30 | F17: 98 | G17: 10 | H17: 0.62 | I17: 25 | J17: 78.805955 | K17: 5 | L17: 83.805955 | M17: -1.4210855e-14 | N17: 1.4210855e-14 | O17: 1.834375 | P17: 0.027765527 | Q17: 59.984375 | R17: h0.600_o40 | S17: 0.6 | T17: 120 | U17: 40 | V17: 0.0026338248 | W17: 90.514047 | X17: 81.703125 | Y17: 75.902139 | Z17: 0.37951069 | AA17: 0 | AC17: 83.037645 | AD17: 83.037645 | AE17: 0.76831016 | AF17: 24.107138 | AG17: -2.3500091e-12 | AH17: 2.8041075e-14 | AI17: TRUE | AJ17: TRUE | AK17: FALSE | AL17: 0.35382842 | AM17: FALSE
A18: 25mm_uniform | B18: 25 | C18: uniform | D18: 1.875 | E18: 30 | F18: 98 | G18: 10 | H18: 0.62 | I18: 25 | J18: 78.805955 | K18: 5 | L18: 83.805955 | M18: -1.4210855e-14 | N18: 1.4210855e-14 | O18: 1.834375 | P18: 0.027765527 | Q18: 59.984375 | R18: h0.600_o60 | S18: 0.6 | T18: 120 | U18: 60 | V18: 0.0055368069 | W18: 80.0587 | X18: 77.109375 | Y18: 68.797263 | Z18: 0.34398632 | AA18: 0 | AC18: 83.551463 | AD18: 83.551463 | AE18: 0.25449167 | AF18: 13.699585 | AG18: -2.7442548e-11 | AH18: 3.2745344e-13 | AI18: TRUE | AJ18: TRUE | AK18: TRUE | AL18: 0.35436379 | AM18: TRUE
A19: 25mm_uniform | B19: 25 | C19: uniform | D19: 1.875 | E19: 30 | F19: 98 | G19: 10 | H19: 0.62 | I19: 25 | J19: 78.805955 | K19: 5 | L19: 83.805955 | M19: -1.4210855e-14 | N19: 1.4210855e-14 | O19: 1.834375 | P19: 0.027765527 | Q19: 59.984375 | R19: h0.600_o80 | S19: 0.6 | T19: 120 | U19: 80 | V19: 0.0090421999 | W19: 67.433717 | X19: 74.203125 | Y19: 61.053136 | Z19: 0.30526568 | AA19: 0 | AC19: 83.672126 | AD19: 83.672126 | AE19: 0.1338285 | AF19: 9.4630311 | AG19: -6.6061906e-11 | AH19: 7.8827222e-13 | AI19: TRUE | AJ19: TRUE | AK19: TRUE | AL19: 0.35453825 | AM19: TRUE
A20: 25mm_uniform | B20: 25 | C20: uniform | D20: 1.875 | E20: 30 | F20: 98 | G20: 10 | H20: 0.62 | I20: 25 | J20: 78.805955 | K20: 5 | L20: 83.805955 | M20: -1.4210855e-14 | N20: 1.4210855e-14 | O20: 1.834375 | P20: 0.027765527 | Q20: 59.984375 | R20: h0.600_o100 | S20: 0.6 | T20: 120 | U20: 100 | V20: 0.012766288 | W20: 54.021086 | X20: 72.015625 | Y20: 53.427599 | Z20: 0.26713799 | AA20: 0 | AC20: 83.721958 | AD20: 83.721958 | AE20: 0.08399693 | AF20: 7.2165385 | AG20: -2.2722935e-12 | AH20: 2.7113747e-14 | AI20: TRUE | AJ20: TRUE | AK20: TRUE | AL20: 0.36297871 | AM20: TRUE
A21: 25mm_uniform | B21: 25 | C21: uniform | D21: 1.875 | E21: 30 | F21: 98 | G21: 10 | H21: 0.62 | I21: 25 | J21: 78.805955 | K21: 5 | L21: 83.805955 | M21: -1.4210855e-14 | N21: 1.4210855e-14 | O21: 1.834375 | P21: 0.027765527 | Q21: 59.984375 | R21: h0.750_o40 | S21: 0.75 | T21: 150 | U21: 40 | V21: 0.0026338248 | W21: 90.514047 | X21: 81.703125 | Y21: 75.902139 | Z21: 0.37951069 | AA21: 0 | AC21: 83.037645 | AD21: 83.037645 | AE21: 0.76831016 | AF21: 22.038824 | AG21: -2.3500091e-12 | AH21: 2.8041075e-14 | AI21: TRUE | AJ21: TRUE | AK21: TRUE | AL21: 0.35333121 | AM21: TRUE
A22: 25mm_uniform | B22: 25 | C22: uniform | D22: 1.875 | E22: 30 | F22: 98 | G22: 10 | H22: 0.62 | I22: 25 | J22: 78.805955 | K22: 5 | L22: 83.805955 | M22: -1.4210855e-14 | N22: 1.4210855e-14 | O22: 1.834375 | P22: 0.027765527 | Q22: 59.984375 | R22: h0.750_o60 | S22: 0.75 | T22: 150 | U22: 60 | V22: 0.0055368069 | W22: 80.0587 | X22: 77.109375 | Y22: 68.797263 | Z22: 0.34398632 | AA22: 0 | AC22: 83.551463 | AD22: 83.551463 | AE22: 0.25449167 | AF22: 12.32068 | AG22: -2.7442548e-11 | AH22: 3.2745344e-13 | AI22: TRUE | AJ22: TRUE | AK22: TRUE | AL22: 0.35912238 | AM22: TRUE
A23: 25mm_uniform | B23: 25 | C23: uniform | D23: 1.875 | E23: 30 | F23: 98 | G23: 10 | H23: 0.62 | I23: 25 | J23: 78.805955 | K23: 5 | L23: 83.805955 | M23: -1.4210855e-14 | N23: 1.4210855e-14 | O23: 1.834375 | P23: 0.027765527 | Q23: 59.984375 | R23: h0.750_o80 | S23: 0.75 | T23: 150 | U23: 80 | V23: 0.0090421999 | W23: 67.433717 | X23: 74.203125 | Y23: 61.053136 | Z23: 0.30526568 | AA23: 0 | AC23: 83.672126 | AD23: 83.672126 | AE23: 0.1338285 | AF23: 8.4288305 | AG23: -6.6061906e-11 | AH23: 7.8827222e-13 | AI23: TRUE | AJ23: TRUE | AK23: TRUE | AL23: 0.35992825 | AM23: TRUE
... A28: 25mm_uniform | B28: 25 | C28: uniform | D28: 1.875 | E28: 30 | F28: 98 | G28: 10 | H28: 0.62 | I28: 25 | J28: 78.805955 | K28: 5 | L28: 83.805955 | M28: -1.4210855e-14 | N28: 1.4210855e-14 | O28: 1.834375 | P28: 0.027765527 | Q28: 59.984375 | R28: h0.900_o100 | S28: 0.9 | T28: 180 | U28: 100 | V28: 0.012766288 | W28: 54.021086 | X28: 72.015625 | Y28: 53.427599 | Z28: 0.26713799 | AA28: 0 | AC28: 83.721958 | AD28: 83.721958 | AE28: 0.08399693 | AF28: 5.7784087 | AG28: -2.2722935e-12 | AH28: 2.7113747e-14 | AI28: TRUE | AJ28: TRUE | AK28: TRUE | AL28: 0.36729354 | AM28: TRUE
A29: 25mm_front_loaded | B29: 25 | C29: front_loaded | D29: 1.875 | E29: 60 | F29: 98 | G29: 10 | H29: 0.62 | I29: 25 | J29: 78.805955 | K29: 5 | L29: 83.805955 | M29: 0 | N29: -1.4210855e-14 | O29: 1.834375 | P29: 0.032681434 | Q29: 28.703125 | R29: h0.150_o40 | S29: 0.15 | T29: 30 | U29: 40 | V29: 0.032635332 | W29: 0.14106473 | X29: 29.828125 | Y29: 30 | Z29: 0.15 | AA29: 47.640281 | AB29: 29.78125 | AC29: 36.040204 | AD29: 83.680486 | AE29: 0.12546897 | AF29: 37.595231 | AG29: -5.1447735e-13 | AH29: 6.1389116e-15 | AI29: FALSE | AJ29: FALSE | AK29: FALSE | AL29: 1.0793422 | AM29: FALSE
A30: 25mm_front_loaded | B30: 25 | C30: front_loaded | D30: 1.875 | E30: 30 | F30: 98 | G30: 10 | H30: 0.62 | I30: 25 | J30: 78.805955 | K30: 5 | L30: 83.805955 | M30: 0 | N30: -1.4210855e-14 | O30: 1.834375 | P30: 0.032681434 | Q30: 28.703125 | R30: h0.150_o60 | S30: 0.15 | T30: 30 | U30: 60 | V30: 0.032190318 | W30: 1.5027386 | X30: 30.359375 | Y30: 30 | Z30: 0.15 | AA30: 41.649551 | AB30: 30.3125 | AC30: 41.940974 | AD30: 83.590525 | AE30: 0.21542999 | AF30: 24.296332 | AG30: 1.1384227e-12 | AH30: 1.3584031e-14 | AI30: FALSE | AJ30: FALSE | AK30: FALSE | AL30: 0.34513567 | AM30: FALSE
A31: 25mm_front_loaded | B31: 25 | C31: front_loaded | D31: 1.875 | E31: 30 | F31: 98 | G31: 10 | H31: 0.62 | I31: 25 | J31: 78.805955 | K31: 5 | L31: 83.805955 | M31: 0 | N31: -1.4210855e-14 | O31: 1.834375 | P31: 0.032681434 | Q31: 28.703125 | R31: h0.150_o80 | S31: 0.15 | T31: 30 | U31: 80 | V31: 0.032101911 | W31: 1.7732474 | X31: 31.046875 | Y31: 30 | Z31: 0.15 | AA31: 34.634176 | AB31: 31 | AC31: 49.048446 | AD31: 83.682622 | AE31: 0.12333229 | AF31: 18.036161 | AG31: 3.5423608e-11 | AH31: 4.2268606e-13 | AI31: FALSE | AJ31: FALSE | AK31: TRUE | AL31: 0.362346 | AM31: FALSE
A32: 25mm_front_loaded | B32: 25 | C32: front_loaded | D32: 1.875 | E32: 30 | F32: 98 | G32: 10 | H32: 0.62 | I32: 25 | J32: 78.805955 | K32: 5 | L32: 83.805955 | M32: 0 | N32: -1.4210855e-14 | O32: 1.834375 | P32: 0.032681434 | Q32: 28.703125 | R32: h0.150_o100 | S32: 0.15 | T32: 30 | U32: 100 | V32: 0.031963627 | W32: 2.1963745 | X32: 31.859375 | Y32: 30 | Z32: 0.15 | AA32: 27.230376 | AB32: 31.8125 | AC32: 56.495295 | AD32: 83.725671 | AE32: 0.08028355 | AF32: 14.376036 | AG32: 1.7930291e-10 | AH32: 2.1395008e-12 | AI32: FALSE | AJ32: FALSE | AK32: TRUE | AL32: 0.351368 | AM32: FALSE
A33: 25mm_front_loaded | B33: 25 | C33: front_loaded | D33: 1.875 | E33: 60 | F33: 98 | G33: 10 | H33: 0.62 | I33: 25 | J33: 78.805955 | K33: 5 | L33: 83.805955 | M33: 0 | N33: -1.4210855e-14 | O33: 1.834375 | P33: 0.032681434 | Q33: 28.703125 | R33: h0.300_o40 | S33: 0.3 | T33: 60 | U33: 40 | V33: 0.022614818 | W33: 30.802248 | X33: 48.765625 | Y33: 60 | Z33: 0.3 | AA33: 15.89754 | AB33: 48.71875 | AC33: 67.763412 | AD33: 83.660952 | AE33: 0.14500306 | AF33: 30.347597 | AG33: -1.0046686e-12 | AH33: 1.1988033e-14 | AI33: FALSE | AJ33: FALSE | AK33: FALSE | AL33: 1.1096395 | AM33: FALSE
A34: 25mm_front_loaded | B34: 25 | C34: front_loaded | D34: 1.875 | E34: 30 | F34: 98 | G34: 10 | H34: 0.62 | I34: 25 | J34: 78.805955 | K34: 5 | L34: 83.805955 | M34: 0 | N34: -1.4210855e-14 | O34: 1.834375 | P34: 0.032681434 | Q34: 28.703125 | R34: h0.300_o60 | S34: 0.3 | T34: 60 | U34: 60 | V34: 0.019631553 | W34: 39.930564 | X34: 52.421875 | Y34: 60 | Z34: 0.3 | AA34: 8.2470742 | AB34: 52.375 | AC34: 75.314076 | AD34: 83.56115 | AE34: 0.24480473 | AF34: 18.553951 | AG34: -2.0485114e-11 | AH34: 2.4443506e-13 | AI34: FALSE | AJ34: FALSE | AK34: TRUE | AL34: 0.36229288 | AM34: FALSE
A35: 25mm_front_loaded | B35: 25 | C35: front_loaded | D35: 1.875 | E35: 30 | F35: 98 | G35: 10 | H35: 0.62 | I35: 25 | J35: 78.805955 | K35: 5 | L35: 83.805955 | M35: 0 | N35: -1.4210855e-14 | O35: 1.834375 | P35: 0.032681434 | Q35: 28.703125 | R35: h0.300_o80 | S35: 0.3 | T35: 60 | U35: 80 | V35: 0.008923713 | W35: 72.694855 | X35: 66.328125 | Y35: 59.677189 | Z35: 0.29838595 | AA35: 0 | AC35: 83.673499 | AD35: 83.673499 | AE35: 0.13245596 | AF35: 13.36905 | AG35: -7.3243606e-11 | AH35: 8.739666e-13 | AI35: TRUE | AJ35: TRUE | AK35: TRUE | AL35: 0.38721042 | AM35: TRUE
A36: 25mm_front_loaded | B36: 25 | C36: front_loaded | D36: 1.875 | E36: 30 | F36: 98 | G36: 10 | H36: 0.62 | I36: 25 | J36: 78.805955 | K36: 5 | L36: 83.805955 | M36: 0 | N36: -1.4210855e-14 | O36: 1.834375 | P36: 0.032681434 | Q36: 28.703125 | R36: h0.300_o100 | S36: 0.3 | T36: 60 | U36: 100 | V36: 0.012519814 | W36: 61.691358 | X36: 61.421875 | Y36: 51.782081 | Z36: 0.25891041 | AA36: 0 | AC36: 83.722837 | AD36: 83.722837 | AE36: 0.083117313 | AF36: 10.306358 | AG36: -2.0714611e-11 | AH36: 2.4717349e-13 | AI36: TRUE | AJ36: TRUE | AK36: TRUE | AL36: 0.36255667 | AM36: TRUE
A37: 25mm_front_loaded | B37: 25 | C37: front_loaded | D37: 1.875 | E37: 30 | F37: 98 | G37: 10 | H37: 0.62 | I37: 25 | J37: 78.805955 | K37: 5 | L37: 83.805955 | M37: 0 | N37: -1.4210855e-14 | O37: 1.834375 | P37: 0.032681434 | Q37: 28.703125 | R37: h0.450_o40 | S37: 0.45 | T37: 90 | U37: 40 | V37: 0.0026275197 | W37: 91.960207 | X37: 75.359375 | Y37: 75.558481 | Z37: 0.3777924 | AA37: 0 | AC37: 83.046414 | AD37: 83.046414 | AE37: 0.75954087 | AF37: 26.99698 | AG37: -3.0234704e-12 | AH37: 3.6077035e-14 | AI37: TRUE | AJ37: TRUE | AK37: FALSE | AL37: 0.36318804 | AM37: FALSE
A38: 25mm_front_loaded | B38: 25 | C38: front_loaded | D38: 1.875 | E38: 30 | F38: 98 | G38: 10 | H38: 0.62 | I38: 25 | J38: 78.805955 | K38: 5 | L38: 83.805955 | M38: 0 | N38: -1.4210855e-14 | O38: 1.834375 | P38: 0.032681434 | Q38: 28.703125 | R38: h0.450_o60 | S38: 0.45 | T38: 90 | U38: 60 | V38: 0.0055001856 | W38: 83.170305 | X38: 70.640625 | Y38: 67.970579 | Z38: 0.33985289 | AA38: 0 | AC38: 83.554069 | AD38: 83.554069 | AE38: 0.25188528 | AF38: 15.573785 | AG38: -2.6892155e-11 | AH38: 3.2088597e-13 | AI38: TRUE | AJ38: TRUE | AK38: TRUE | AL38: 0.38267271 | AM38: TRUE
A39: 25mm_front_loaded | B39: 25 | C39: front_loaded | D39: 1.875 | E39: 30 | F39: 98 | G39: 10 | H39: 0.62 | I39: 25 | J39: 78.805955 | K39: 5 | L39: 83.805955 | M39: 0 | N39: -1.4210855e-14 | O39: 1.834375 | P39: 0.032681434 | Q39: 28.703125 | R39: h0.450_o80 | S39: 0.45 | T39: 90 | U39: 80 | V39: 0.008923713 | W39: 72.694855 | X39: 66.328125 | Y39: 59.677189 | Z39: 0.29838595 | AA39: 0 | AC39: 83.673499 | AD39: 83.673499 | AE39: 0.13245596 | AF39: 10.826894 | AG39: -7.3243606e-11 | AH39: 8.739666e-13 | AI39: TRUE | AJ39: TRUE | AK39: TRUE | AL39: 0.38163679 | AM39: TRUE
A40: 25mm_front_loaded | B40: 25 | C40: front_loaded | D40: 1.875 | E40: 30 | F40: 98 | G40: 10 | H40: 0.62 | I40: 25 | J40: 78.805955 | K40: 5 | L40: 83.805955 | M40: 0 | N40: -1.4210855e-14 | O40: 1.834375 | P40: 0.032681434 | Q40: 28.703125 | R40: h0.450_o100 | S40: 0.45 | T40: 90 | U40: 100 | V40: 0.012519814 | W40: 61.691358 | X40: 61.421875 | Y40: 51.782081 | Z40: 0.25891041 | AA40: 0 | AC40: 83.722837 | AD40: 83.722837 | AE40: 0.083117313 | AF40: 8.2726007 | AG40: -2.0714611e-11 | AH40: 2.4717349e-13 | AI40: TRUE | AJ40: TRUE | AK40: TRUE | AL40: 0.36381146 | AM40: TRUE
A41: 25mm_front_loaded | B41: 25 | C41: front_loaded | D41: 1.875 | E41: 30 | F41: 98 | G41: 10 | H41: 0.62 | I41: 25 | J41: 78.805955 | K41: 5 | L41: 83.805955 | M41: 0 | N41: -1.4210855e-14 | O41: 1.834375 | P41: 0.032681434 | Q41: 28.703125 | R41: h0.600_o40 | S41: 0.6 | T41: 120 | U41: 40 | V41: 0.0026275197 | W41: 91.960207 | X41: 75.359375 | Y41: 75.558481 | Z41: 0.3777924 | AA41: 0 | AC41: 83.046414 | AD41: 83.046414 | AE41: 0.75954087 | AF41: 23.966203 | AG41: -3.0234704e-12 | AH41: 3.6077035e-14 | AI41: TRUE | AJ41: TRUE | AK41: TRUE | AL41: 0.36215583 | AM41: TRUE
A42: 25mm_front_loaded | B42: 25 | C42: front_loaded | D42: 1.875 | E42: 30 | F42: 98 | G42: 10 | H42: 0.62 | I42: 25 | J42: 78.805955 | K42: 5 | L42: 83.805955 | M42: 0 | N42: -1.4210855e-14 | O42: 1.834375 | P42: 0.032681434 | Q42: 28.703125 | R42: h0.600_o60 | S42: 0.6 | T42: 120 | U42: 60 | V42: 0.0055001856 | W42: 83.170305 | X42: 70.640625 | Y42: 67.970579 | Z42: 0.33985289 | AA42: 0 | AC42: 83.554069 | AD42: 83.554069 | AE42: 0.25188528 | AF42: 13.55323 | AG42: -2.6892155e-11 | AH42: 3.2088597e-13 | AI42: TRUE | AJ42: TRUE | AK42: TRUE | AL42: 0.37146888 | AM42: TRUE
A43: 25mm_front_loaded | B43: 25 | C43: front_loaded | D43: 1.875 | E43: 30 | F43: 98 | G43: 10 | H43: 0.62 | I43: 25 | J43: 78.805955 | K43: 5 | L43: 83.805955 | M43: 0 | N43: -1.4210855e-14 | O43: 1.834375 | P43: 0.032681434 | Q43: 28.703125 | R43: h0.600_o80 | S43: 0.6 | T43: 120 | U43: 80 | V43: 0.008923713 | W43: 72.694855 | X43: 66.328125 | Y43: 59.677189 | Z43: 0.29838595 | AA43: 0 | AC43: 83.673499 | AD43: 83.673499 | AE43: 0.13245596 | AF43: 9.3114487 | AG43: -7.3243606e-11 | AH43: 8.739666e-13 | AI43: TRUE | AJ43: TRUE | AK43: TRUE | AL43: 0.36671683 | AM43: TRUE
A44: 25mm_front_loaded | B44: 25 | C44: front_loaded | D44: 1.875 | E44: 30 | F44: 98 | G44: 10 | H44: 0.62 | I44: 25 | J44: 78.805955 | K44: 5 | L44: 83.805955 | M44: 0 | N44: -1.4210855e-14 | O44: 1.834375 | P44: 0.032681434 | Q44: 28.703125 | R44: h0.600_o100 | S44: 0.6 | T44: 120 | U44: 100 | V44: 0.012519814 | W44: 61.691358 | X44: 61.421875 | Y44: 51.782081 | Z44: 0.25891041 | AA44: 0 | AC44: 83.722837 | AD44: 83.722837 | AE44: 0.083117313 | AF44: 7.0602223 | AG44: -2.0714611e-11 | AH44: 2.4717349e-13 | AI44: TRUE | AJ44: TRUE | AK44: TRUE | AL44: 0.39406625 | AM44: TRUE
A45: 25mm_front_loaded | B45: 25 | C45: front_loaded | D45: 1.875 | E45: 30 | F45: 98 | G45: 10 | H45: 0.62 | I45: 25 | J45: 78.805955 | K45: 5 | L45: 83.805955 | M45: 0 | N45: -1.4210855e-14 | O45: 1.834375 | P45: 0.032681434 | Q45: 28.703125 | R45: h0.750_o40 | S45: 0.75 | T45: 150 | U45: 40 | V45: 0.0026275197 | W45: 91.960207 | X45: 75.359375 | Y45: 75.558481 | Z45: 0.3777924 | AA45: 0 | AC45: 83.046414 | AD45: 83.046414 | AE45: 0.75954087 | AF45: 21.897889 | AG45: -3.0234704e-12 | AH45: 3.6077035e-14 | AI45: TRUE | AJ45: TRUE | AK45: TRUE | AL45: 0.36959563 | AM45: TRUE
A46: 25mm_front_loaded | B46: 25 | C46: front_loaded | D46: 1.875 | E46: 30 | F46: 98 | G46: 10 | H46: 0.62 | I46: 25 | J46: 78.805955 | K46: 5 | L46: 83.805955 | M46: 0 | N46: -1.4210855e-14 | O46: 1.834375 | P46: 0.032681434 | Q46: 28.703125 | R46: h0.750_o60 | S46: 0.75 | T46: 150 | U46: 60 | V46: 0.0055001856 | W46: 83.170305 | X46: 70.640625 | Y46: 67.970579 | Z46: 0.33985289 | AA46: 0 | AC46: 83.554069 | AD46: 83.554069 | AE46: 0.25188528 | AF46: 12.174324 | AG46: -2.6892155e-11 | AH46: 3.2088597e-13 | AI46: TRUE | AJ46: TRUE | AK46: TRUE | AL46: 0.37529492 | AM46: TRUE
... A52: 25mm_front_loaded | B52: 25 | C52: front_loaded | D52: 1.875 | E52: 30 | F52: 98 | G52: 10 | H52: 0.62 | I52: 25 | J52: 78.805955 | K52: 5 | L52: 83.805955 | M52: 0 | N52: -1.4210855e-14 | O52: 1.834375 | P52: 0.032681434 | Q52: 28.703125 | R52: h0.900_o100 | S52: 0.9 | T52: 180 | U52: 100 | V52: 0.012519814 | W52: 61.691358 | X52: 61.421875 | Y52: 51.782081 | Z52: 0.25891041 | AA52: 0 | AC52: 83.722837 | AD52: 83.722837 | AE52: 0.083117313 | AF52: 5.6220925 | AG52: -2.0714611e-11 | AH52: 2.4717349e-13 | AI52: TRUE | AJ52: TRUE | AK52: TRUE | AL52: 0.36891604 | AM52: TRUE
A53: 25mm_back_loaded | B53: 25 | C53: back_loaded | D53: 1.875 | E53: 60 | F53: 98 | G53: 10 | H53: 0.62 | I53: 25 | J53: 78.805955 | K53: 5 | L53: 83.805955 | M53: 0 | N53: 1.4210855e-14 | O53: 1.834375 | P53: 0.040899363 | Q53: 59.984375 | R53: h0.150_o40 | S53: 0.15 | T53: 30 | U53: 40 | V53: 0.040899363 | W53: 4.1078252e-13 | X53: 59.984375 | Y53: 30 | Z53: 0.15 | AA53: 48.532005 | AB53: 51 | AC53: 35.14785 | AD53: 83.679856 | AE53: 0.12609895 | AF53: 37.746763 | AG53: -1.6112112e-13 | AH53: 1.9225497e-15 | AI53: FALSE | AJ53: FALSE | AK53: FALSE | AL53: 1.0727007 | AM53: FALSE
A54: 25mm_back_loaded | B54: 25 | C54: back_loaded | D54: 1.875 | E54: 30 | F54: 98 | G54: 10 | H54: 0.62 | I54: 25 | J54: 78.805955 | K54: 5 | L54: 83.805955 | M54: 0 | N54: 1.4210855e-14 | O54: 1.834375 | P54: 0.040899363 | Q54: 59.984375 | R54: h0.150_o60 | S54: 0.15 | T54: 30 | U54: 60 | V54: 0.040899363 | W54: 4.1078252e-13 | X54: 59.984375 | Y54: 30 | Z54: 0.15 | AA54: 43.645927 | AB54: 51.625 | AC54: 39.94243 | AD54: 83.588357 | AE54: 0.21759792 | AF54: 24.450271 | AG54: 1.80711e-12 | AH54: 2.1563026e-14 | AI54: FALSE | AJ54: FALSE | AK54: FALSE | AL54: 0.35983563 | AM54: FALSE
A55: 25mm_back_loaded | B55: 25 | C55: back_loaded | D55: 1.875 | E55: 30 | F55: 98 | G55: 10 | H55: 0.62 | I55: 25 | J55: 78.805955 | K55: 5 | L55: 83.805955 | M55: 0 | N55: 1.4210855e-14 | O55: 1.834375 | P55: 0.040899363 | Q55: 59.984375 | R55: h0.150_o80 | S55: 0.15 | T55: 30 | U55: 80 | V55: 0.040899363 | W55: 4.1078252e-13 | X55: 59.984375 | Y55: 30 | Z55: 0.15 | AA55: 38.14 | AB55: 52.40625 | AC55: 45.54136 | AD55: 83.68136 | AE55: 0.12459449 | AF55: 18.191321 | AG55: 3.4844364e-11 | AH55: 4.1577432e-13 | AI55: FALSE | AJ55: FALSE | AK55: TRUE | AL55: 0.34963867 | AM55: FALSE
A56: 25mm_back_loaded | B56: 25 | C56: back_loaded | D56: 1.875 | E56: 30 | F56: 98 | G56: 10 | H56: 0.62 | I56: 25 | J56: 78.805955 | K56: 5 | L56: 83.805955 | M56: 0 | N56: 1.4210855e-14 | O56: 1.834375 | P56: 0.040899363 | Q56: 59.984375 | R56: h0.150_o100 | S56: 0.15 | T56: 30 | U56: 100 | V56: 0.040899363 | W56: 4.1078252e-13 | X56: 59.984375 | Y56: 30 | Z56: 0.15 | AA56: 32.475277 | AB56: 53.21875 | AC56: 51.249545 | AD56: 83.724822 | AE56: 0.081132513 | AF56: 14.534963 | AG56: 1.7801503e-10 | AH56: 2.1241335e-12 | AI56: FALSE | AJ56: FALSE | AK56: TRUE | AL56: 0.36891429 | AM56: FALSE
A57: 25mm_back_loaded | B57: 25 | C57: back_loaded | D57: 1.875 | E57: 60 | F57: 98 | G57: 10 | H57: 0.62 | I57: 25 | J57: 78.805955 | K57: 5 | L57: 83.805955 | M57: 0 | N57: 1.4210855e-14 | O57: 1.834375 | P57: 0.040899363 | Q57: 59.984375 | R57: h0.300_o40 | S57: 0.3 | T57: 60 | U57: 40 | V57: 0.039392041 | W57: 3.6854415 | X57: 65.015625 | Y57: 60 | Z57: 0.3 | AA57: 17.250143 | AB57: 64.96875 | AC57: 66.410017 | AD57: 83.66016 | AE57: 0.14579455 | AF57: 30.500783 | AG57: -5.1370852e-12 | AH57: 6.1297377e-14 | AI57: FALSE | AJ57: FALSE | AK57: FALSE | AL57: 1.091824 | AM57: FALSE
A58: 25mm_back_loaded | B58: 25 | C58: back_loaded | D58: 1.875 | E58: 30 | F58: 98 | G58: 10 | H58: 0.62 | I58: 25 | J58: 78.805955 | K58: 5 | L58: 83.805955 | M58: 0 | N58: 1.4210855e-14 | O58: 1.834375 | P58: 0.040899363 | Q58: 59.984375 | R58: h0.300_o60 | S58: 0.3 | T58: 60 | U58: 60 | V58: 0.037008733 | W58: 9.5126899 | X58: 66.515625 | Y58: 60 | Z58: 0.3 | AA58: 11.262315 | AB58: 66.46875 | AC58: 72.296192 | AD58: 83.558507 | AE58: 0.24744728 | AF58: 18.70877 | AG58: -1.9580532e-11 | AH58: 2.3364129e-13 | AI58: FALSE | AJ58: FALSE | AK58: TRUE | AL58: 0.35617046 | AM58: FALSE
A59: 25mm_back_loaded | B59: 25 | C59: back_loaded | D59: 1.875 | E59: 30 | F59: 98 | G59: 10 | H59: 0.62 | I59: 25 | J59: 78.805955 | K59: 5 | L59: 83.805955 | M59: 0 | N59: 1.4210855e-14 | O59: 1.834375 | P59: 0.040899363 | Q59: 59.984375 | R59: h0.300_o80 | S59: 0.3 | T59: 60 | U59: 80 | V59: 0.030186817 | W59: 26.192452 | X59: 69.046875 | Y59: 60 | Z59: 0.3 | AA59: 4.6365694 | AB59: 69 | AC59: 79.03539 | AD59: 83.671959 | AE59: 0.13399567 | AF59: 13.538935 | AG59: -5.0458637e-11 | AH59: 6.0208893e-13 | AI59: FALSE | AJ59: FALSE | AK59: TRUE | AL59: 0.37586046 | AM59: FALSE
A60: 25mm_back_loaded | B60: 25 | C60: back_loaded | D60: 1.875 | E60: 30 | F60: 98 | G60: 10 | H60: 0.62 | I60: 25 | J60: 78.805955 | K60: 5 | L60: 83.805955 | M60: 0 | N60: 1.4210855e-14 | O60: 1.834375 | P60: 0.040899363 | Q60: 59.984375 | R60: h0.300_o100 | S60: 0.3 | T60: 60 | U60: 100 | V60: 0.01344755 | W60: 67.120391 | X60: 74.765625 | Y60: 58.145741 | Z60: 0.29072871 | AA60: 0 | AC60: 83.721133 | AD60: 83.721133 | AE60: 0.084821656 | AF60: 10.607021 | AG60: -3.308058e-11 | AH60: 3.9472828e-13 | AI60: TRUE | AJ60: TRUE | AK60: TRUE | AL60: 0.59004183 | AM60: TRUE
A61: 25mm_back_loaded | B61: 25 | C61: back_loaded | D61: 1.875 | E61: 30 | F61: 98 | G61: 10 | H61: 0.62 | I61: 25 | J61: 78.805955 | K61: 5 | L61: 83.805955 | M61: 0 | N61: 1.4210855e-14 | O61: 1.834375 | P61: 0.040899363 | Q61: 59.984375 | R61: h0.450_o40 | S61: 0.45 | T61: 90 | U61: 40 | V61: 0.002653005 | W61: 93.513334 | X61: 84.671875 | Y61: 76.952635 | Z61: 0.38476317 | AA61: 0 | AC61: 83.027607 | AD61: 83.027607 | AE61: 0.77834792 | AF61: 27.296303 | AG61: -5.7871485e-12 | AH61: 6.9054145e-14 | AI61: TRUE | AJ61: TRUE | AK61: FALSE | AL61: 0.40127354 | AM61: FALSE
A62: 25mm_back_loaded | B62: 25 | C62: back_loaded | D62: 1.875 | E62: 30 | F62: 98 | G62: 10 | H62: 0.62 | I62: 25 | J62: 78.805955 | K62: 5 | L62: 83.805955 | M62: 0 | N62: 1.4210855e-14 | O62: 1.834375 | P62: 0.040899363 | Q62: 59.984375 | R62: h0.450_o60 | S62: 0.45 | T62: 90 | U62: 60 | V62: 0.0056315399 | W62: 86.230739 | X62: 80.078125 | Y62: 70.961279 | Z62: 0.3548064 | AA62: 0 | AC62: 83.548646 | AD62: 83.548646 | AE62: 0.25730839 | AF62: 15.875799 | AG62: -2.7145397e-11 | AH62: 3.2390774e-13 | AI62: TRUE | AJ62: TRUE | AK62: TRUE | AL62: 0.37317263 | AM62: TRUE
A63: 25mm_back_loaded | B63: 25 | C63: back_loaded | D63: 1.875 | E63: 30 | F63: 98 | G63: 10 | H63: 0.62 | I63: 25 | J63: 78.805955 | K63: 5 | L63: 83.805955 | M63: 0 | N63: 1.4210855e-14 | O63: 1.834375 | P63: 0.040899363 | Q63: 59.984375 | R63: h0.450_o80 | S63: 0.45 | T63: 90 | U63: 80 | V63: 0.0093329291 | W63: 77.180747 | X63: 76.953125 | Y63: 64.506758 | Z63: 0.32253379 | AA63: 0 | AC63: 83.670738 | AD63: 83.670738 | AE63: 0.13521708 | AF63: 11.129474 | AG63: -7.8490464e-11 | AH63: 9.3657383e-13 | AI63: TRUE | AJ63: TRUE | AK63: TRUE | AL63: 0.39205883 | AM63: TRUE
A64: 25mm_back_loaded | B64: 25 | C64: back_loaded | D64: 1.875 | E64: 30 | F64: 98 | G64: 10 | H64: 0.62 | I64: 25 | J64: 78.805955 | K64: 5 | L64: 83.805955 | M64: 0 | N64: 1.4210855e-14 | O64: 1.834375 | P64: 0.040899363 | Q64: 59.984375 | R64: h0.450_o100 | S64: 0.45 | T64: 90 | U64: 100 | V64: 0.01344755 | W64: 67.120391 | X64: 74.765625 | Y64: 58.145741 | Z64: 0.29072871 | AA64: 0 | AC64: 83.721133 | AD64: 83.721133 | AE64: 0.084821656 | AF64: 8.5732642 | AG64: -3.308058e-11 | AH64: 3.9472828e-13 | AI64: TRUE | AJ64: TRUE | AK64: TRUE | AL64: 0.39772717 | AM64: TRUE
A65: 25mm_back_loaded | B65: 25 | C65: back_loaded | D65: 1.875 | E65: 30 | F65: 98 | G65: 10 | H65: 0.62 | I65: 25 | J65: 78.805955 | K65: 5 | L65: 83.805955 | M65: 0 | N65: 1.4210855e-14 | O65: 1.834375 | P65: 0.040899363 | Q65: 59.984375 | R65: h0.600_o40 | S65: 0.6 | T65: 120 | U65: 40 | V65: 0.002653005 | W65: 93.513334 | X65: 84.671875 | Y65: 76.952635 | Z65: 0.38476317 | AA65: 0 | AC65: 83.027607 | AD65: 83.027607 | AE65: 0.77834792 | AF65: 24.265526 | AG65: -5.7871485e-12 | AH65: 6.9054145e-14 | AI65: TRUE | AJ65: TRUE | AK65: FALSE | AL65: 0.38030121 | AM65: FALSE
A66: 25mm_back_loaded | B66: 25 | C66: back_loaded | D66: 1.875 | E66: 30 | F66: 98 | G66: 10 | H66: 0.62 | I66: 25 | J66: 78.805955 | K66: 5 | L66: 83.805955 | M66: 0 | N66: 1.4210855e-14 | O66: 1.834375 | P66: 0.040899363 | Q66: 59.984375 | R66: h0.600_o60 | S66: 0.6 | T66: 120 | U66: 60 | V66: 0.0056315399 | W66: 86.230739 | X66: 80.078125 | Y66: 70.961279 | Z66: 0.3548064 | AA66: 0 | AC66: 83.548646 | AD66: 83.548646 | AE66: 0.25730839 | AF66: 13.855244 | AG66: -2.7145397e-11 | AH66: 3.2390774e-13 | AI66: TRUE | AJ66: TRUE | AK66: TRUE | AL66: 0.37305604 | AM66: TRUE
A67: 25mm_back_loaded | B67: 25 | C67: back_loaded | D67: 1.875 | E67: 30 | F67: 98 | G67: 10 | H67: 0.62 | I67: 25 | J67: 78.805955 | K67: 5 | L67: 83.805955 | M67: 0 | N67: 1.4210855e-14 | O67: 1.834375 | P67: 0.040899363 | Q67: 59.984375 | R67: h0.600_o80 | S67: 0.6 | T67: 120 | U67: 80 | V67: 0.0093329291 | W67: 77.180747 | X67: 76.953125 | Y67: 64.506758 | Z67: 0.32253379 | AA67: 0 | AC67: 83.670738 | AD67: 83.670738 | AE67: 0.13521708 | AF67: 9.6140294 | AG67: -7.8490464e-11 | AH67: 9.3657383e-13 | AI67: TRUE | AJ67: TRUE | AK67: TRUE | AL67: 0.40544083 | AM67: TRUE
A68: 25mm_back_loaded | B68: 25 | C68: back_loaded | D68: 1.875 | E68: 30 | F68: 98 | G68: 10 | H68: 0.62 | I68: 25 | J68: 78.805955 | K68: 5 | L68: 83.805955 | M68: 0 | N68: 1.4210855e-14 | O68: 1.834375 | P68: 0.040899363 | Q68: 59.984375 | R68: h0.600_o100 | S68: 0.6 | T68: 120 | U68: 100 | V68: 0.01344755 | W68: 67.120391 | X68: 74.765625 | Y68: 58.145741 | Z68: 0.29072871 | AA68: 0 | AC68: 83.721133 | AD68: 83.721133 | AE68: 0.084821656 | AF68: 7.3608858 | AG68: -3.308058e-11 | AH68: 3.9472828e-13 | AI68: TRUE | AJ68: TRUE | AK68: TRUE | AL68: 0.42045871 | AM68: TRUE
A69: 25mm_back_loaded | B69: 25 | C69: back_loaded | D69: 1.875 | E69: 30 | F69: 98 | G69: 10 | H69: 0.62 | I69: 25 | J69: 78.805955 | K69: 5 | L69: 83.805955 | M69: 0 | N69: 1.4210855e-14 | O69: 1.834375 | P69: 0.040899363 | Q69: 59.984375 | R69: h0.750_o40 | S69: 0.75 | T69: 150 | U69: 40 | V69: 0.002653005 | W69: 93.513334 | X69: 84.671875 | Y69: 76.952635 | Z69: 0.38476317 | AA69: 0 | AC69: 83.027607 | AD69: 83.027607 | AE69: 0.77834792 | AF69: 22.197211 | AG69: -5.7871485e-12 | AH69: 6.9054145e-14 | AI69: TRUE | AJ69: TRUE | AK69: TRUE | AL69: 0.40600633 | AM69: TRUE
A70: 25mm_back_loaded | B70: 25 | C70: back_loaded | D70: 1.875 | E70: 30 | F70: 98 | G70: 10 | H70: 0.62 | I70: 25 | J70: 78.805955 | K70: 5 | L70: 83.805955 | M70: 0 | N70: 1.4210855e-14 | O70: 1.834375 | P70: 0.040899363 | Q70: 59.984375 | R70: h0.750_o60 | S70: 0.75 | T70: 150 | U70: 60 | V70: 0.0056315399 | W70: 86.230739 | X70: 80.078125 | Y70: 70.961279 | Z70: 0.3548064 | AA70: 0 | AC70: 83.548646 | AD70: 83.548646 | AE70: 0.25730839 | AF70: 12.476339 | AG70: -2.7145397e-11 | AH70: 3.2390774e-13 | AI70: TRUE | AJ70: TRUE | AK70: TRUE | AL70: 0.41718679 | AM70: TRUE
A71: 25mm_back_loaded | B71: 25 | C71: back_loaded | D71: 1.875 | E71: 30 | F71: 98 | G71: 10 | H71: 0.62 | I71: 25 | J71: 78.805955 | K71: 5 | L71: 83.805955 | M71: 0 | N71: 1.4210855e-14 | O71: 1.834375 | P71: 0.040899363 | Q71: 59.984375 | R71: h0.750_o80 | S71: 0.75 | T71: 150 | U71: 80 | V71: 0.0093329291 | W71: 77.180747 | X71: 76.953125 | Y71: 64.506758 | Z71: 0.32253379 | AA71: 0 | AC71: 83.670738 | AD71: 83.670738 | AE71: 0.13521708 | AF71: 8.5798288 | AG71: -7.8490464e-11 | AH71: 9.3657383e-13 | AI71: TRUE | AJ71: TRUE | AK71: TRUE | AL71: 0.62622504 | AM71: TRUE
... A76: 25mm_back_loaded | B76: 25 | C76: back_loaded | D76: 1.875 | E76: 30 | F76: 98 | G76: 10 | H76: 0.62 | I76: 25 | J76: 78.805955 | K76: 5 | L76: 83.805955 | M76: 0 | N76: 1.4210855e-14 | O76: 1.834375 | P76: 0.040899363 | Q76: 59.984375 | R76: h0.900_o100 | S76: 0.9 | T76: 180 | U76: 100 | V76: 0.01344755 | W76: 67.120391 | X76: 74.765625 | Y76: 58.145741 | Z76: 0.29072871 | AA76: 0 | AC76: 83.721133 | AD76: 83.721133 | AE76: 0.084821656 | AF76: 5.922756 | AG76: -3.308058e-11 | AH76: 3.9472828e-13 | AI76: TRUE | AJ76: TRUE | AK76: TRUE | AL76: 0.38218754 | AM76: TRUE
A77: 50mm_uniform | B77: 50 | C77: uniform | D77: 1.875 | E77: 60 | F77: 98 | G77: 10 | H77: 0.62 | I77: 50 | J77: 177.10337 | K77: 10 | L77: 187.10337 | M77: 0 | N77: 0 | O77: 1.834375 | P77: 0.05747879 | Q77: 59.984375 | R77: h0.150_o40 | S77: 0.15 | T77: 30 | U77: 40 | V77: 0.05747879 | W77: -1.0880186e-12 | X77: 59.984375 | Y77: 30 | Z77: 0.15 | AA77: 149.77013 | AB77: 25.4375 | AC77: 37.207064 | AD77: 186.97719 | AE77: 0.12617641 | AF77: 37.765316 | AG77: -7.352452e-13 | AH77: 3.9296203e-15 | AI77: FALSE | AJ77: FALSE | AK77: FALSE | AL77: 1.0894238 | AM77: FALSE
A78: 50mm_uniform | B78: 50 | C78: uniform | D78: 1.875 | E78: 30 | F78: 98 | G78: 10 | H78: 0.62 | I78: 50 | J78: 177.10337 | K78: 10 | L78: 187.10337 | M78: 0 | N78: 0 | O78: 1.834375 | P78: 0.05747879 | Q78: 59.984375 | R78: h0.150_o60 | S78: 0.15 | T78: 30 | U78: 60 | V78: 0.05747879 | W78: -1.0880186e-12 | X78: 59.984375 | Y78: 30 | Z78: 0.15 | AA78: 142.33478 | AB78: 25.71875 | AC78: 44.550701 | AD78: 186.88548 | AE78: 0.21788795 | AF78: 24.470691 | AG78: 7.9389273e-13 | AH78: 4.2430701e-15 | AI78: FALSE | AJ78: FALSE | AK78: FALSE | AL78: 0.35598171 | AM78: FALSE
A79: 50mm_uniform | B79: 50 | C79: uniform | D79: 1.875 | E79: 30 | F79: 98 | G79: 10 | H79: 0.62 | I79: 50 | J79: 177.10337 | K79: 10 | L79: 187.10337 | M79: 0 | N79: 0 | O79: 1.834375 | P79: 0.05747879 | Q79: 59.984375 | R79: h0.150_o80 | S79: 0.15 | T79: 30 | U79: 80 | V79: 0.05747879 | W79: -1.0880186e-12 | X79: 59.984375 | Y79: 30 | Z79: 0.15 | AA79: 133.37758 | AB79: 26.03125 | AC79: 53.601023 | AD79: 186.9786 | AE79: 0.12476915 | AF79: 18.212607 | AG79: 3.0349695e-11 | AH79: 1.6220817e-13 | AI79: FALSE | AJ79: FALSE | AK79: TRUE | AL79: 0.35114704 | AM79: FALSE
A80: 50mm_uniform | B80: 50 | C80: uniform | D80: 1.875 | E80: 30 | F80: 98 | G80: 10 | H80: 0.62 | I80: 50 | J80: 177.10337 | K80: 10 | L80: 187.10337 | M80: 0 | N80: 0 | O80: 1.834375 | P80: 0.05747879 | Q80: 59.984375 | R80: h0.150_o100 | S80: 0.15 | T80: 30 | U80: 100 | V80: 0.05747879 | W80: -1.0880186e-12 | X80: 59.984375 | Y80: 30 | Z80: 0.15 | AA80: 123.50397 | AB80: 26.40625 | AC80: 63.518151 | AD80: 187.02212 | AE80: 0.081250253 | AF80: 14.556807 | AG80: 1.6955146e-10 | AH80: 9.0619135e-13 | AI80: FALSE | AJ80: FALSE | AK80: TRUE | AL80: 0.34761379 | AM80: FALSE
A81: 50mm_uniform | B81: 50 | C81: uniform | D81: 1.875 | E81: 60 | F81: 98 | G81: 10 | H81: 0.62 | I81: 50 | J81: 177.10337 | K81: 10 | L81: 187.10337 | M81: 0 | N81: 0 | O81: 1.834375 | P81: 0.05747879 | Q81: 59.984375 | R81: h0.300_o40 | S81: 0.3 | T81: 60 | U81: 40 | V81: 0.05747879 | W81: 2.2093438e-12 | X81: 59.984375 | Y81: 60 | Z81: 0.3 | AA81: 117.20764 | AB81: 35.59375 | AC81: 69.74984 | AD81: 186.95748 | AE81: 0.14589621 | AF81: 30.520368 | AG81: -3.1730452e-12 | AH81: 1.6958781e-14 | AI81: FALSE | AJ81: FALSE | AK81: FALSE | AL81: 1.0510629 | AM81: FALSE
A82: 50mm_uniform | B82: 50 | C82: uniform | D82: 1.875 | E82: 30 | F82: 98 | G82: 10 | H82: 0.62 | I82: 50 | J82: 177.10337 | K82: 10 | L82: 187.10337 | M82: 0 | N82: 0 | O82: 1.834375 | P82: 0.05747879 | Q82: 59.984375 | R82: h0.300_o60 | S82: 0.3 | T82: 60 | U82: 60 | V82: 0.05747879 | W82: 2.2093438e-12 | X82: 59.984375 | Y82: 60 | Z82: 0.3 | AA82: 106.92865 | AB82: 36.3125 | AC82: 79.926912 | AD82: 186.85556 | AE82: 0.24781185 | AF82: 18.729934 | AG82: -1.8777674e-11 | AH82: 1.0035989e-13 | AI82: FALSE | AJ82: FALSE | AK82: TRUE | AL82: 0.36491292 | AM82: FALSE
A83: 50mm_uniform | B83: 50 | C83: uniform | D83: 1.875 | E83: 30 | F83: 98 | G83: 10 | H83: 0.62 | I83: 50 | J83: 177.10337 | K83: 10 | L83: 187.10337 | M83: 0 | N83: 0 | O83: 1.834375 | P83: 0.05747879 | Q83: 59.984375 | R83: h0.300_o80 | S83: 0.3 | T83: 60 | U83: 80 | V83: 0.05747879 | W83: 2.2093438e-12 | X83: 59.984375 | Y83: 60 | Z83: 0.3 | AA83: 94.186147 | AB83: 37.28125 | AC83: 92.783026 | AD83: 186.96917 | AE83: 0.13419738 | AF83: 13.560974 | AG83: -4.7114812e-11 | AH83: 2.5181167e-13 | AI83: FALSE | AJ83: FALSE | AK83: TRUE | AL83: 0.43387183 | AM83: FALSE
A84: 50mm_uniform | B84: 50 | C84: uniform | D84: 1.875 | E84: 30 | F84: 98 | G84: 10 | H84: 0.62 | I84: 50 | J84: 177.10337 | K84: 10 | L84: 187.10337 | M84: 0 | N84: 0 | O84: 1.834375 | P84: 0.05747879 | Q84: 59.984375 | R84: h0.300_o100 | S84: 0.3 | T84: 60 | U84: 100 | V84: 0.05747879 | W84: 2.1982416e-12 | X84: 59.984375 | Y84: 60 | Z84: 0.3 | AA84: 79.599475 | AB84: 38.59375 | AC84: 107.41874 | AD84: 187.01821 | AE84: 0.085158206 | AF84: 10.665323 | AG84: -1.8582136e-11 | AH84: 9.931481e-14 | AI84: FALSE | AJ84: FALSE | AK84: TRUE | AL84: 0.41064175 | AM84: FALSE
A85: 50mm_uniform | B85: 50 | C85: uniform | D85: 1.875 | E85: 30 | F85: 98 | G85: 10 | H85: 0.62 | I85: 50 | J85: 177.10337 | K85: 10 | L85: 187.10337 | M85: 0 | N85: 0 | O85: 1.834375 | P85: 0.05747879 | Q85: 59.984375 | R85: h0.450_o40 | S85: 0.45 | T85: 90 | U85: 40 | V85: 0.05747879 | W85: 2.2093438e-12 | X85: 59.984375 | Y85: 90 | Z85: 0.45 | AA85: 85.673218 | AB85: 45.0625 | AC85: 100.55976 | AD85: 186.23298 | AE85: 0.87039083 | AF85: 28.618438 | AG85: -4.564682e-12 | AH85: 2.4396578e-14 | AI85: FALSE | AJ85: FALSE | AK85: FALSE | AL85: 0.38888312 | AM85: FALSE
A86: 50mm_uniform | B86: 50 | C86: uniform | D86: 1.875 | E86: 30 | F86: 98 | G86: 10 | H86: 0.62 | I86: 50 | J86: 177.10337 | K86: 10 | L86: 187.10337 | M86: 0 | N86: 0 | O86: 1.834375 | P86: 0.05747879 | Q86: 59.984375 | R86: h0.450_o60 | S86: 0.45 | T86: 90 | U86: 60 | V86: 0.05747879 | W86: 2.2093438e-12 | X86: 59.984375 | Y86: 90 | Z86: 0.45 | AA86: 73.863412 | AB86: 46.34375 | AC86: 112.96566 | AD86: 186.82907 | AE86: 0.27429938 | AF86: 16.763327 | AG86: -3.3306968e-11 | AH86: 1.7801373e-13 | AI86: FALSE | AJ86: FALSE | AK86: TRUE | AL86: 0.394155 | AM86: FALSE
A87: 50mm_uniform | B87: 50 | C87: uniform | D87: 1.875 | E87: 30 | F87: 98 | G87: 10 | H87: 0.62 | I87: 50 | J87: 177.10337 | K87: 10 | L87: 187.10337 | M87: 0 | N87: 0 | O87: 1.834375 | P87: 0.05747879 | Q87: 59.984375 | R87: h0.450_o80 | S87: 0.45 | T87: 90 | U87: 80 | V87: 0.05747879 | W87: 2.2093438e-12 | X87: 59.984375 | Y87: 90 | Z87: 0.45 | AA87: 59.315559 | AB87: 48.21875 | AC87: 127.64595 | AD87: 186.96151 | AE87: 0.14186071 | AF87: 11.820975 | AG87: -1.1978932e-10 | AH87: 6.4023067e-13 | AI87: FALSE | AJ87: FALSE | AK87: TRUE | AL87: 0.42532238 | AM87: FALSE
A88: 50mm_uniform | B88: 50 | C88: uniform | D88: 1.875 | E88: 30 | F88: 98 | G88: 10 | H88: 0.62 | I88: 50 | J88: 177.10337 | K88: 10 | L88: 187.10337 | M88: 0 | N88: 0 | O88: 1.834375 | P88: 0.05747879 | Q88: 59.984375 | R88: h0.450_o100 | S88: 0.45 | T88: 90 | U88: 100 | V88: 0.05747879 | W88: 2.1982416e-12 | X88: 59.984375 | Y88: 90 | Z88: 0.45 | AA88: 42.847388 | AB88: 50.90625 | AC88: 144.16778 | AD88: 187.01517 | AE88: 0.088205212 | AF88: 9.144125 | AG88: -2.8079666e-10 | AH88: 1.5007568e-12 | AI88: FALSE | AJ88: FALSE | AK88: TRUE | AL88: 0.37817029 | AM88: FALSE
... A94: 50mm_uniform | B94: 50 | C94: uniform | D94: 1.875 | E94: 30 | F94: 98 | G94: 10 | H94: 0.62 | I94: 50 | J94: 177.10337 | K94: 10 | L94: 187.10337 | M94: 0 | N94: 0 | O94: 1.834375 | P94: 0.05747879 | Q94: 59.984375 | R94: h0.750_o60 | S94: 0.75 | T94: 150 | U94: 60 | V94: 0.045145517 | W94: 21.457086 | X94: 67.234375 | Y94: 150 | Z94: 0.75 | AA94: 11.026228 | AB94: 67.1875 | AC94: 175.75199 | AD94: 186.77822 | AE94: 0.32515156 | AF94: 15.590827 | AG94: -5.210915e-11 | AH94: 2.785046e-13 | AI94: FALSE | AJ94: FALSE | AK94: TRUE | AL94: 0.42608575 | AM94: FALSE
A95: 50mm_uniform | B95: 50 | C95: uniform | D95: 1.875 | E95: 30 | F95: 98 | G95: 10 | H95: 0.62 | I95: 50 | J95: 177.10337 | K95: 10 | L95: 187.10337 | M95: 0 | N95: 0 | O95: 1.834375 | P95: 0.05747879 | Q95: 59.984375 | R95: h0.750_o80 | S95: 0.75 | T95: 150 | U95: 80 | V95: 0.014581013 | W95: 74.63236 | X95: 75.640625 | Y95: 145.73159 | Z95: 0.72865793 | AA95: 0 | AC95: 186.94907 | AD95: 186.94907 | AE95: 0.15430085 | AF95: 10.443917 | AG95: -2.2194449e-10 | AH95: 1.1862132e-12 | AI95: TRUE | AJ95: TRUE | AK95: TRUE | AL95: 0.43121796 | AM95: TRUE
A96: 50mm_uniform | B96: 50 | C96: uniform | D96: 1.875 | E96: 30 | F96: 98 | G96: 10 | H96: 0.62 | I96: 50 | J96: 177.10337 | K96: 10 | L96: 187.10337 | M96: 0 | N96: 0 | O96: 1.834375 | P96: 0.05747879 | Q96: 59.984375 | R96: h0.750_o100 | S96: 0.75 | T96: 150 | U96: 100 | V96: 0.021216141 | W96: 63.088748 | X96: 73.390625 | Y96: 129.47654 | Z96: 0.64738271 | AA96: 0 | AC96: 187.01172 | AD96: 187.01172 | AE96: 0.091649252 | AF96: 7.6526577 | AG96: -5.9858525e-10 | AH96: 3.1992222e-12 | AI96: TRUE | AJ96: TRUE | AK96: TRUE | AL96: 0.39395975 | AM96: TRUE
A97: 50mm_uniform | B97: 50 | C97: uniform | D97: 1.875 | E97: 30 | F97: 98 | G97: 10 | H97: 0.62 | I97: 50 | J97: 177.10337 | K97: 10 | L97: 187.10337 | M97: 0 | N97: 0 | O97: 1.834375 | P97: 0.05747879 | Q97: 59.984375 | R97: h0.900_o40 | S97: 0.9 | T97: 180 | U97: 40 | V97: 0.0040479888 | W97: 92.957422 | X97: 83.453125 | Y97: 173.80664 | Z97: 0.86903319 | AA97: 0 | AC97: 185.37323 | AD97: 185.37323 | AE97: 1.7301375 | AF97: 28.680231 | AG97: -4.1073811e-12 | AH97: 2.195247e-14 | AI97: TRUE | AJ97: TRUE | AK97: FALSE | AL97: 0.40286608 | AM97: FALSE
A98: 50mm_uniform | B98: 50 | C98: uniform | D98: 1.875 | E98: 30 | F98: 98 | G98: 10 | H98: 0.62 | I98: 50 | J98: 177.10337 | K98: 10 | L98: 187.10337 | M98: 0 | N98: 0 | O98: 1.834375 | P98: 0.05747879 | Q98: 59.984375 | R98: h0.900_o60 | S98: 0.9 | T98: 180 | U98: 60 | V98: 0.0086978559 | W98: 84.867712 | X98: 78.796875 | Y98: 160.87085 | Z98: 0.80435427 | AA98: 0 | AC98: 186.76896 | AD98: 186.76896 | AE98: 0.33441313 | AF98: 14.92284 | AG98: -5.4980576e-11 | AH98: 2.9385134e-13 | AI98: TRUE | AJ98: TRUE | AK98: TRUE | AL98: 0.39782196 | AM98: TRUE
A99: 50mm_uniform | B99: 50 | C99: uniform | D99: 1.875 | E99: 30 | F99: 98 | G99: 10 | H99: 0.62 | I99: 50 | J99: 177.10337 | K99: 10 | L99: 187.10337 | M99: 0 | N99: 0 | O99: 1.834375 | P99: 0.05747879 | Q99: 59.984375 | R99: h0.900_o80 | S99: 0.9 | T99: 180 | U99: 80 | V99: 0.014581013 | W99: 74.63236 | X99: 75.640625 | Y99: 145.73159 | Z99: 0.72865793 | AA99: 0 | AC99: 186.94907 | AD99: 186.94907 | AE99: 0.15430085 | AF99: 9.680495 | AG99: -2.2194449e-10 | AH99: 1.1862132e-12 | AI99: TRUE | AJ99: TRUE | AK99: TRUE | AL99: 0.38384192 | AM99: TRUE
A100: 50mm_uniform | B100: 50 | C100: uniform | D100: 1.875 | E100: 30 | F100: 98 | G100: 10 | H100: 0.62 | I100: 50 | J100: 177.10337 | K100: 10 | L100: 187.10337 | M100: 0 | N100: 0 | O100: 1.834375 | P100: 0.05747879 | Q100: 59.984375 | R100: h0.900_o100 | S100: 0.9 | T100: 180 | U100: 100 | V100: 0.021216141 | W100: 63.088748 | X100: 73.390625 | Y100: 129.47654 | Z100: 0.64738271 | AA100: 0 | AC100: 187.01172 | AD100: 187.01172 | AE100: 0.091649252 | AF100: 7.0419058 | AG100: -5.9858525e-10 | AH100: 3.1992222e-12 | AI100: TRUE | AJ100: TRUE | AK100: TRUE | AL100: 0.37362242 | AM100: TRUE
A101: 50mm_front_loaded | B101: 50 | C101: front_loaded | D101: 1.875 | E101: 60 | F101: 98 | G101: 10 | H101: 0.62 | I101: 50 | J101: 177.10337 | K101: 10 | L101: 187.10337 | M101: 0 | N101: 0 | O101: 1.834375 | P101: 0.073191362 | Q101: 26.234375 | R101: h0.150_o40 | S101: 0.15 | T101: 30 | U101: 40 | V101: 0.073191362 | W101: -9.9920072e-13 | X101: 26.234375 | Y101: 30 | Z101: 0.15 | AA101: 149.95202 | AB101: 19.15625 | AC101: 37.025601 | AD101: 186.97762 | AE101: 0.12575119 | AF101: 37.663256 | AG101: -7.3138717e-13 | AH101: 3.9090005e-15 | AI101: FALSE | AJ101: FALSE | AK101: FALSE | AL101: 1.0954257 | AM101: FALSE
A102: 50mm_front_loaded | B102: 50 | C102: front_loaded | D102: 1.875 | E102: 30 | F102: 98 | G102: 10 | H102: 0.62 | I102: 50 | J102: 177.10337 | K102: 10 | L102: 187.10337 | M102: 0 | N102: 0 | O102: 1.834375 | P102: 0.073191362 | Q102: 26.234375 | R102: h0.150_o60 | S102: 0.15 | T102: 30 | U102: 60 | V102: 0.073191362 | W102: -9.9920072e-13 | X102: 26.234375 | Y102: 30 | Z102: 0.15 | AA102: 142.71216 | AB102: 19.28125 | AC102: 44.174798 | AD102: 186.88696 | AE102: 0.21641427 | AF102: 24.36651 | AG102: 1.1550205e-12 | AH102: 6.1731679e-15 | AI102: FALSE | AJ102: FALSE | AK102: FALSE | AL102: 0.35222263 | AM102: FALSE
A103: 50mm_front_loaded | B103: 50 | C103: front_loaded | D103: 1.875 | E103: 30 | F103: 98 | G103: 10 | H103: 0.62 | I103: 50 | J103: 177.10337 | K103: 10 | L103: 187.10337 | M103: 0 | N103: 0 | O103: 1.834375 | P103: 0.073191362 | Q103: 26.234375 | R103: h0.150_o80 | S103: 0.15 | T103: 30 | U103: 80 | V103: 0.073191362 | W103: -9.9920072e-13 | X103: 26.234375 | Y103: 30 | Z103: 0.15 | AA103: 133.96578 | AB103: 19.46875 | AC103: 53.013683 | AD103: 186.97946 | AE103: 0.12391102 | AF103: 18.107598 | AG103: 3.6177408e-11 | AH103: 1.9335519e-13 | AI103: FALSE | AJ103: FALSE | AK103: TRUE | AL103: 0.35005371 | AM103: FALSE
A104: 50mm_front_loaded | B104: 50 | C104: front_loaded | D104: 1.875 | E104: 30 | F104: 98 | G104: 10 | H104: 0.62 | I104: 50 | J104: 177.10337 | K104: 10 | L104: 187.10337 | M104: 0 | N104: 0 | O104: 1.834375 | P104: 0.073191362 | Q104: 26.234375 | R104: h0.150_o100 | S104: 0.15 | T104: 30 | U104: 100 | V104: 0.073191362 | W104: -9.9920072e-13 | X104: 26.234375 | Y104: 30 | Z104: 0.15 | AA104: 124.27458 | AB104: 19.625 | AC104: 62.748101 | AD104: 187.02268 | AE104: 0.080686551 | AF104: 14.451791 | AG104: 1.6754297e-10 | AH104: 8.9545669e-13 | AI104: FALSE | AJ104: FALSE | AK104: TRUE | AL104: 0.36091321 | AM104: FALSE
A105: 50mm_front_loaded | B105: 50 | C105: front_loaded | D105: 1.875 | E105: 60 | F105: 98 | G105: 10 | H105: 0.62 | I105: 50 | J105: 177.10337 | K105: 10 | L105: 187.10337 | M105: 0 | N105: 0 | O105: 1.834375 | P105: 0.073191362 | Q105: 26.234375 | R105: h0.300_o40 | S105: 0.3 | T105: 60 | U105: 40 | V105: 0.073182795 | W105: 0.011704953 | X105: 26.484375 | Y105: 60 | Z105: 0.3 | AA105: 117.33017 | AB105: 26.4375 | AC105: 69.62784 | AD105: 186.95801 | AE105: 0.14536123 | AF105: 30.417073 | AG105: -2.9990177e-12 | AH105: 1.6028667e-14 | AI105: FALSE | AJ105: FALSE | AK105: FALSE | AL105: 1.0369203 | AM105: FALSE
A106: 50mm_front_loaded | B106: 50 | C106: front_loaded | D106: 1.875 | E106: 30 | F106: 98 | G106: 10 | H106: 0.62 | I106: 50 | J106: 177.10337 | K106: 10 | L106: 187.10337 | M106: 0 | N106: 0 | O106: 1.834375 | P106: 0.073191362 | Q106: 26.234375 | R106: h0.300_o60 | S106: 0.3 | T106: 60 | U106: 60 | V106: 0.073139131 | W106: 0.071362427 | X106: 26.859375 | Y106: 60 | Z106: 0.3 | AA106: 107.15008 | AB106: 26.8125 | AC106: 79.707282 | AD106: 186.85736 | AE106: 0.24601092 | AF106: 18.624928 | AG106: -1.7993301e-11 | AH106: 9.6167702e-14 | AI106: FALSE | AJ106: FALSE | AK106: TRUE | AL106: 0.35093058 | AM106: FALSE
A107: 50mm_front_loaded | B107: 50 | C107: front_loaded | D107: 1.875 | E107: 30 | F107: 98 | G107: 10 | H107: 0.62 | I107: 50 | J107: 177.10337 | K107: 10 | L107: 187.10337 | M107: 0 | N107: 0 | O107: 1.834375 | P107: 0.073191362 | Q107: 26.234375 | R107: h0.300_o80 | S107: 0.3 | T107: 60 | U107: 80 | V107: 0.073027293 | W107: 0.22416576 | X107: 27.359375 | Y107: 60 | Z107: 0.3 | AA107: 94.420228 | AB107: 27.3125 | AC107: 92.549905 | AD107: 186.97013 | AE107: 0.13323825 | AF107: 13.455733 | AG107: -4.1813747e-11 | AH107: 2.2347939e-13 | AI107: FALSE | AJ107: FALSE | AK107: TRUE | AL107: 0.36330979 | AM107: FALSE
A108: 50mm_front_loaded | B108: 50 | C108: front_loaded | D108: 1.875 | E108: 30 | F108: 98 | G108: 10 | H108: 0.62 | I108: 50 | J108: 177.10337 | K108: 10 | L108: 187.10337 | M108: 0 | N108: 0 | O108: 1.834375 | P108: 0.073191362 | Q108: 26.234375 | R108: h0.300_o100 | S108: 0.3 | T108: 60 | U108: 100 | V108: 0.072798879 | W108: 0.53624357 | X108: 28.015625 | Y108: 60 | Z108: 0.3 | AA108: 79.746703 | AB108: 27.96875 | AC108: 107.27212 | AD108: 187.01883 | AE108: 0.084544654 | AF108: 10.558775 | AG108: -8.2800433e-12 | AH108: 4.4253844e-14 | AI108: FALSE | AJ108: FALSE | AK108: TRUE | AL108: 0.35082842 | AM108: FALSE
A109: 50mm_front_loaded | B109: 50 | C109: front_loaded | D109: 1.875 | E109: 30 | F109: 98 | G109: 10 | H109: 0.62 | I109: 50 | J109: 177.10337 | K109: 10 | L109: 187.10337 | M109: 0 | N109: 0 | O109: 1.834375 | P109: 0.073191362 | Q109: 26.234375 | R109: h0.450_o40 | S109: 0.45 | T109: 90 | U109: 40 | V109: 0.06792964 | W109: 7.1889933 | X109: 33.765625 | Y109: 90 | Z109: 0.45 | AA109: 85.664953 | AB109: 33.71875 | AC109: 100.57583 | AD109: 186.24079 | AE109: 0.86258363 | AF109: 28.514571 | AG109: 2.344791e-12 | AH109: 1.2532062e-14 | AI109: FALSE | AJ109: FALSE | AK109: FALSE | AL109: 0.34316517 | AM109: FALSE
A110: 50mm_front_loaded | B110: 50 | C110: front_loaded | D110: 1.875 | E110: 30 | F110: 98 | G110: 10 | H110: 0.62 | I110: 50 | J110: 177.10337 | K110: 10 | L110: 187.10337 | M110: 0 | N110: 0 | O110: 1.834375 | P110: 0.073191362 | Q110: 26.234375 | R110: h0.450_o60 | S110: 0.45 | T110: 90 | U110: 60 | V110: 0.067133056 | W110: 8.2773513 | X110: 34.578125 | Y110: 90 | Z110: 0.45 | AA110: 73.753119 | AB110: 34.53125 | AC110: 113.07805 | AD110: 186.83117 | AE110: 0.27219856 | AF110: 16.65811 | AG110: -2.9580283e-11 | AH110: 1.5809594e-13 | AI110: FALSE | AJ110: FALSE | AK110: TRUE | AL110: 0.34942633 | AM110: FALSE
A111: 50mm_front_loaded | B111: 50 | C111: front_loaded | D111: 1.875 | E111: 30 | F111: 98 | G111: 10 | H111: 0.62 | I111: 50 | J111: 177.10337 | K111: 10 | L111: 187.10337 | M111: 0 | N111: 0 | O111: 1.834375 | P111: 0.073191362 | Q111: 26.234375 | R111: h0.450_o80 | S111: 0.45 | T111: 90 | U111: 80 | V111: 0.065873401 | W111: 9.998395 | X111: 35.734375 | Y111: 90 | Z111: 0.45 | AA111: 58.875835 | AB111: 35.6875 | AC111: 128.08672 | AD111: 186.96256 | AE111: 0.14081463 | AF111: 11.715349 | AG111: -1.2008583e-10 | AH111: 6.4181543e-13 | AI111: FALSE | AJ111: FALSE | AK111: TRUE | AL111: 0.35595379 | AM111: FALSE
A112: 50mm_front_loaded | B112: 50 | C112: front_loaded | D112: 1.875 | E112: 30 | F112: 98 | G112: 10 | H112: 0.62 | I112: 50 | J112: 177.10337 | K112: 10 | L112: 187.10337 | M112: 0 | N112: 0 | O112: 1.834375 | P112: 0.073191362 | Q112: 26.234375 | R112: h0.450_o100 | S112: 0.45 | T112: 90 | U112: 100 | V112: 0.063779624 | W112: 12.859083 | X112: 37.421875 | Y112: 90 | Z112: 0.45 | AA112: 41.921728 | AB112: 37.375 | AC112: 145.0941 | AD112: 187.01583 | AE112: 0.087540744 | AF112: 9.0346354 | AG112: -2.6441759e-10 | AH112: 1.4132166e-12 | AI112: FALSE | AJ112: FALSE | AK112: TRUE | AL112: 0.35911533 | AM112: FALSE
... A118: 50mm_front_loaded | B118: 50 | C118: front_loaded | D118: 1.875 | E118: 30 | F118: 98 | G118: 10 | H118: 0.62 | I118: 50 | J118: 177.10337 | K118: 10 | L118: 187.10337 | M118: 0 | N118: 0 | O118: 1.834375 | P118: 0.073191362 | Q118: 26.234375 | R118: h0.750_o60 | S118: 0.75 | T118: 150 | U118: 60 | V118: 0.032162361 | W118: 56.057163 | X118: 57.921875 | Y118: 150 | Z118: 0.75 | AA118: 10.243612 | AB118: 57.875 | AC118: 176.53732 | AD118: 186.78093 | AE118: 0.32244019 | AF118: 15.485554 | AG118: -4.970846e-11 | AH118: 2.6567378e-13 | AI118: TRUE | AJ118: FALSE | AK118: TRUE | AL118: 0.35428454 | AM118: FALSE
A119: 50mm_front_loaded | B119: 50 | C119: front_loaded | D119: 1.875 | E119: 30 | F119: 98 | G119: 10 | H119: 0.62 | I119: 50 | J119: 177.10337 | K119: 10 | L119: 187.10337 | M119: 0 | N119: 0 | O119: 1.834375 | P119: 0.073191362 | Q119: 26.234375 | R119: h0.750_o80 | S119: 0.75 | T119: 150 | U119: 80 | V119: 0.014503347 | W119: 80.184346 | X119: 68.640625 | Y119: 144.26908 | Z119: 0.72134538 | AA119: 0 | AC119: 186.95058 | AD119: 186.95058 | AE119: 0.15279207 | AF119: 10.309374 | AG119: -2.1470542e-10 | AH119: 1.147523e-12 | AI119: TRUE | AJ119: TRUE | AK119: TRUE | AL119: 0.36144033 | AM119: TRUE
A120: 50mm_front_loaded | B120: 50 | C120: front_loaded | D120: 1.875 | E120: 30 | F120: 98 | G120: 10 | H120: 0.62 | I120: 50 | J120: 177.10337 | K120: 10 | L120: 187.10337 | M120: 0 | N120: 0 | O120: 1.834375 | P120: 0.073191362 | Q120: 26.234375 | R120: h0.750_o100 | S120: 0.75 | T120: 150 | U120: 100 | V120: 0.021044243 | W120: 71.247641 | X120: 64.578125 | Y120: 127.55061 | Z120: 0.63775305 | AA120: 0 | AC120: 187.01261 | AD120: 187.01261 | AE120: 0.09075858 | AF120: 7.5138598 | AG120: -5.9705871e-10 | AH120: 3.1910633e-12 | AI120: TRUE | AJ120: TRUE | AK120: TRUE | AL120: 0.36330042 | AM120: TRUE
A121: 50mm_front_loaded | B121: 50 | C121: front_loaded | D121: 1.875 | E121: 30 | F121: 98 | G121: 10 | H121: 0.62 | I121: 50 | J121: 177.10337 | K121: 10 | L121: 187.10337 | M121: 0 | N121: 0 | O121: 1.834375 | P121: 0.073191362 | Q121: 26.234375 | R121: h0.900_o40 | S121: 0.9 | T121: 180 | U121: 40 | V121: 0.0040440861 | W121: 94.47464 | X121: 77.046875 | Y121: 173.47941 | Z121: 0.86739704 | AA121: 0 | AC121: 185.39986 | AD121: 185.39986 | AE121: 1.7035103 | AF121: 28.553209 | AG121: -2.2943869e-12 | AH121: 1.226267e-14 | AI121: TRUE | AJ121: TRUE | AK121: FALSE | AL121: 0.35484117 | AM121: FALSE
A122: 50mm_front_loaded | B122: 50 | C122: front_loaded | D122: 1.875 | E122: 30 | F122: 98 | G122: 10 | H122: 0.62 | I122: 50 | J122: 177.10337 | K122: 10 | L122: 187.10337 | M122: 0 | N122: 0 | O122: 1.834375 | P122: 0.073191362 | Q122: 26.234375 | R122: h0.900_o60 | S122: 0.9 | T122: 180 | U122: 60 | V122: 0.0086753726 | W122: 88.146999 | X122: 72.453125 | Y122: 160.07143 | Z122: 0.80035717 | AA122: 0 | AC122: 186.77246 | AD122: 186.77246 | AE122: 0.33091063 | AF122: 14.79225 | AG122: -5.2610027e-11 | AH122: 2.8118161e-13 | AI122: TRUE | AJ122: TRUE | AK122: TRUE | AL122: 0.36852175 | AM122: TRUE
A123: 50mm_front_loaded | B123: 50 | C123: front_loaded | D123: 1.875 | E123: 30 | F123: 98 | G123: 10 | H123: 0.62 | I123: 50 | J123: 177.10337 | K123: 10 | L123: 187.10337 | M123: 0 | N123: 0 | O123: 1.834375 | P123: 0.073191362 | Q123: 26.234375 | R123: h0.900_o80 | S123: 0.9 | T123: 180 | U123: 80 | V123: 0.014503347 | W123: 80.184346 | X123: 68.640625 | Y123: 144.26908 | Z123: 0.72134538 | AA123: 0 | AC123: 186.95058 | AD123: 186.95058 | AE123: 0.15279207 | AF123: 9.5459521 | AG123: -2.1470542e-10 | AH123: 1.147523e-12 | AI123: TRUE | AJ123: TRUE | AK123: TRUE | AL123: 0.41724537 | AM123: TRUE
A124: 50mm_front_loaded | B124: 50 | C124: front_loaded | D124: 1.875 | E124: 30 | F124: 98 | G124: 10 | H124: 0.62 | I124: 50 | J124: 177.10337 | K124: 10 | L124: 187.10337 | M124: 0 | N124: 0 | O124: 1.834375 | P124: 0.073191362 | Q124: 26.234375 | R124: h0.900_o100 | S124: 0.9 | T124: 180 | U124: 100 | V124: 0.021044243 | W124: 71.247641 | X124: 64.578125 | Y124: 127.55061 | Z124: 0.63775305 | AA124: 0 | AC124: 187.01261 | AD124: 187.01261 | AE124: 0.09075858 | AF124: 6.9031079 | AG124: -5.9705871e-10 | AH124: 3.1910633e-12 | AI124: TRUE | AJ124: TRUE | AK124: TRUE | AL124: 0.36230508 | AM124: TRUE
...

Sheet Design selection
A1: Compare every tested design
A2: All storm shapes at the design depth must pass. Lowest capacity wins; shortest worst drawdown breaks a capacity tie.
A4: design_id | B4: capacity_m3 | C4: storage_depth_m | D4: outlet_side_mm | E4: all_design_storms_pass | F4: worst_peak_reduction_pct | G4: worst_overflow_m3 | H4: worst_drawdown_h | I4: passing_shapes
A5: h0.150_o40 | B5: 30 | C5: 0.15 | D5: 40 | E5: FALSE | F5: -1.0880186e-12 | G5: 150.51815 | H5: 37.810482 | I5: 0
A6: h0.150_o60 | B6: 30 | C6: 0.15 | D6: 60 | E6: FALSE | F6: -1.0880186e-12 | G6: 143.96558 | H6: 24.518629 | I6: 0
A7: h0.150_o80 | B7: 30 | C7: 0.15 | D7: 80 | E7: FALSE | F7: -1.0880186e-12 | G7: 136.19508 | H7: 18.261567 | I7: 0
A8: h0.150_o100 | B8: 30 | C8: 0.15 | D8: 100 | E8: FALSE | F8: -1.0880186e-12 | G8: 127.75316 | H8: 14.606208 | I8: 0
A9: h0.300_o40 | B9: 60 | C9: 0.3 | D9: 40 | E9: FALSE | F9: 9.7699626e-13 | G9: 118.35782 | H9: 30.567234 | I9: 0
A10: h0.300_o60 | B10: 60 | C10: 0.3 | D10: 60 | E10: FALSE | F10: 9.7699626e-13 | G10: 109.49027 | H10: 18.778817 | I10: 0
A11: h0.300_o80 | B11: 60 | C11: 0.3 | D11: 80 | E11: FALSE | F11: 9.7699626e-13 | G11: 98.708263 | H11: 13.610632 | I11: 0
A12: h0.300_o100 | B12: 60 | C12: 0.3 | D12: 100 | E12: FALSE | F12: 9.7699626e-13 | G12: 86.586113 | H12: 10.715497 | I12: 0
A13: h0.450_o40 | B13: 90 | C13: 0.45 | D13: 40 | E13: FALSE | F13: -3.4416914e-12 | G13: 87.08161 | H13: 28.666003 | I13: 0
A14: h0.450_o60 | B14: 90 | C14: 0.45 | D14: 60 | E14: FALSE | F14: -3.4416914e-12 | G14: 76.994624 | H14: 16.812562 | I14: 0
A15: h0.450_o80 | B15: 90 | C15: 0.45 | D15: 80 | E15: FALSE | F15: -3.4416914e-12 | G15: 64.799683 | H15: 11.871001 | I15: 0
A16: h0.450_o100 | B16: 90 | C16: 0.45 | D16: 100 | E16: FALSE | F16: -3.4416914e-12 | G16: 51.218766 | H16: 9.1943515 | I16: 0
... A28: h0.900_o100 | B28: 180 | C28: 0.9 | D28: 100 | E28: TRUE | F28: 63.088748 | G28: 0 | H28: 7.1952375 | I28: 3

Sheet Sensitivity
A1: One-at-a-time sensitivity
A2: Only the named parameter changes. Matching baseline runoff is recomputed for CN and lag changes; nominal rows repeat intentionally in each parameter group.
A4: event_id | B4: rainfall_mm | C4: shape | D4: dt_s | E4: horizon_h | F4: curve_number | G4: lag_min | H4: discharge_coefficient | I4: rainfall_total_mm | J4: parking_runoff_m3 | K4: direct_rain_m3 | L4: total_inflow_m3 | M4: runoff_generation_error_m3 | N4: transform_error_m3 | O4: inflow_tail_end_h | P4: baseline_peak_m3_s | Q4: baseline_time_to_peak_min | R4: design_id | S4: storage_depth_m | T4: capacity_m3 | U4: outlet_side_mm | V4: peak_downstream_m3_s | W4: peak_reduction_pct | X4: time_to_peak_min | Y4: maximum_storage_m3 | Z4: maximum_depth_m | AA4: overflow_m3 | AB4: overflow_onset_min | AC4: controlled_discharge_m3 | AD4: total_discharge_m3 | AE4: residual_storage_m3 | AF4: drawdown_h_after_rain | AG4: routing_balance_error_m3 | AH4: routing_balance_relative_error | AI4: peak_pass | AJ4: overflow_pass | AK4: drawdown_pass | AL4: simulation_runtime_s | AM4: all_pass | AN4: varied_parameter | AO4: parameter_value | AP4: is_nominal
A5: 50mm_uniform | B5: 50 | C5: uniform | D5: 1.875 | E5: 30 | F5: 95 | G5: 10 | H5: 0.62 | I5: 50 | J5: 147.60951 | K5: 10 | L5: 157.60951 | M5: 0 | N5: 0 | O5: 1.834375 | P5: 0.054140092 | Q5: 59.984375 | R5: h0.750_o100 | S5: 0.75 | T5: 150 | U5: 100 | V5: 0.019290764 | W5: 64.3688 | X5: 73.671875 | Y5: 108.80214 | Z5: 0.5440107 | AA5: 0 | AC5: 157.51964 | AD5: 157.51964 | AE5: 0.089873183 | AF5: 7.373844 | AG5: -4.6087524e-10 | AH5: 2.9241587e-12 | AI5: TRUE | AJ5: TRUE | AK5: TRUE | AL5: 0.38537754 | AM5: TRUE | AN5: curve_number | AO5: 95 | AP5: FALSE
A6: 50mm_front_loaded | B6: 50 | C6: front_loaded | D6: 1.875 | E6: 30 | F6: 95 | G6: 10 | H6: 0.62 | I6: 50 | J6: 147.60951 | K6: 10 | L6: 157.60951 | M6: 0 | N6: 2.8421709e-14 | O6: 1.834375 | P6: 0.061425244 | Q6: 29.984375 | R6: h0.750_o100 | S6: 0.75 | T6: 150 | U6: 100 | V6: 0.019014 | W6: 69.045299 | X6: 65.296875 | Y6: 105.99234 | Z6: 0.52996172 | AA6: 0 | AC6: 157.52059 | AD6: 157.52059 | AE6: 0.088929681 | AF6: 7.2223443 | AG6: -4.8327725e-10 | AH6: 3.0662949e-12 | AI6: TRUE | AJ6: TRUE | AK6: TRUE | AL6: 0.38594858 | AM6: TRUE | AN6: curve_number | AO6: 95 | AP6: FALSE
A7: 50mm_back_loaded | B7: 50 | C7: back_loaded | D7: 1.875 | E7: 30 | F7: 95 | G7: 10 | H7: 0.62 | I7: 50 | J7: 147.60951 | K7: 10 | L7: 157.60951 | M7: 0 | N7: 0 | O7: 1.834375 | P7: 0.079158361 | Q7: 59.984375 | R7: h0.750_o100 | S7: 0.75 | T7: 150 | U7: 100 | V7: 0.019998376 | W7: 74.736243 | X7: 76.390625 | Y7: 116.17128 | Z7: 0.58085642 | AA7: 0 | AC7: 157.51869 | AD7: 157.51869 | AE7: 0.090822019 | AF7: 7.5238134 | AG7: -4.476732e-10 | AH7: 2.8403945e-12 | AI7: TRUE | AJ7: TRUE | AK7: TRUE | AL7: 0.38578729 | AM7: TRUE | AN7: curve_number | AO7: 95 | AP7: FALSE
A8: 50mm_uniform | B8: 50 | C8: uniform | D8: 1.875 | E8: 30 | F8: 98 | G8: 10 | H8: 0.62 | I8: 50 | J8: 177.10337 | K8: 10 | L8: 187.10337 | M8: 0 | N8: 0 | O8: 1.834375 | P8: 0.05747879 | Q8: 59.984375 | R8: h0.750_o100 | S8: 0.75 | T8: 150 | U8: 100 | V8: 0.021216141 | W8: 63.088748 | X8: 73.390625 | Y8: 129.47654 | Z8: 0.64738271 | AA8: 0 | AC8: 187.01172 | AD8: 187.01172 | AE8: 0.091649252 | AF8: 7.6526577 | AG8: -5.9858525e-10 | AH8: 3.1992222e-12 | AI8: TRUE | AJ8: TRUE | AK8: TRUE | AL8: 0.36809358 | AM8: TRUE | AN8: curve_number | AO8: 98 | AP8: TRUE
A9: 50mm_front_loaded | B9: 50 | C9: front_loaded | D9: 1.875 | E9: 30 | F9: 98 | G9: 10 | H9: 0.62 | I9: 50 | J9: 177.10337 | K9: 10 | L9: 187.10337 | M9: 0 | N9: 0 | O9: 1.834375 | P9: 0.073191362 | Q9: 26.234375 | R9: h0.750_o100 | S9: 0.75 | T9: 150 | U9: 100 | V9: 0.021044243 | W9: 71.247641 | X9: 64.578125 | Y9: 127.55061 | Z9: 0.63775305 | AA9: 0 | AC9: 187.01261 | AD9: 187.01261 | AE9: 0.09075858 | AF9: 7.5138598 | AG9: -5.9705871e-10 | AH9: 3.1910633e-12 | AI9: TRUE | AJ9: TRUE | AK9: TRUE | AL9: 0.37390933 | AM9: TRUE | AN9: curve_number | AO9: 98 | AP9: TRUE
A10: 50mm_back_loaded | B10: 50 | C10: back_loaded | D10: 1.875 | E10: 30 | F10: 98 | G10: 10 | H10: 0.62 | I10: 50 | J10: 177.10337 | K10: 10 | L10: 187.10337 | M10: 0 | N10: 0 | O10: 1.834375 | P10: 0.085673949 | Q10: 59.984375 | R10: h0.750_o100 | S10: 0.75 | T10: 150 | U10: 100 | V10: 0.021940211 | W10: 74.391036 | X10: 76.171875 | Y10: 137.76136 | Z10: 0.68880682 | AA10: 0 | AC10: 187.01072 | AD10: 187.01072 | AE10: 0.092648516 | AF10: 7.8059894 | AG10: -5.7200612e-10 | AH10: 3.0571663e-12 | AI10: TRUE | AJ10: TRUE | AK10: TRUE | AL10: 0.36891137 | AM10: TRUE | AN10: curve_number | AO10: 98 | AP10: TRUE
A11: 50mm_uniform | B11: 50 | C11: uniform | D11: 1.875 | E11: 30 | F11: 100 | G11: 10 | H11: 0.62 | I11: 50 | J11: 200 | K11: 10 | L11: 210 | M11: 0 | N11: 0 | O11: 1.834375 | P11: 0.058333333 | Q11: 55.265625 | R11: h0.750_o100 | S11: 0.75 | T11: 150 | U11: 100 | V11: 0.02251949 | W11: 61.39516 | X11: 73.109375 | Y11: 144.59009 | Z11: 0.72295044 | AA11: 0 | AC11: 209.90713 | AD11: 209.90713 | AE11: 0.092870756 | AF11: 7.839754 | AG11: -6.7516837e-10 | AH11: 3.2150875e-12 | AI11: TRUE | AJ11: TRUE | AK11: TRUE | AL11: 0.38615383 | AM11: TRUE | AN11: curve_number | AO11: 100 | AP11: FALSE
A12: 50mm_front_loaded | B12: 50 | C12: front_loaded | D12: 1.875 | E12: 30 | F12: 100 | G12: 10 | H12: 0.62 | I12: 50 | J12: 200 | K12: 10 | L12: 210 | M12: 0 | N12: -2.8421709e-14 | O12: 1.834375 | P12: 0.081235443 | Q12: 23.078125 | R12: h0.750_o100 | S12: 0.75 | T12: 150 | U12: 100 | V12: 0.022465263 | W12: 72.345491 | X12: 63.796875 | Y12: 143.94328 | Z12: 0.71971639 | AA12: 0 | AC12: 209.90794 | AD12: 209.90794 | AE12: 0.09205794 | AF12: 7.7156702 | AG12: -6.6862132e-10 | AH12: 3.1839111e-12 | AI12: TRUE | AJ12: TRUE | AK12: TRUE | AL12: 0.37535621 | AM12: TRUE | AN12: curve_number | AO12: 100 | AP12: FALSE
A13: 50mm_back_loaded | B13: 50 | C13: back_loaded | D13: 1.875 | E13: 30 | F13: 100 | G13: 10 | H13: 0.62 | I13: 50 | J13: 200 | K13: 10 | L13: 210 | M13: 0 | N13: 0 | O13: 1.834375 | P13: 0.087515406 | Q13: 59.984375 | R13: h0.750_o100 | S13: 0.75 | T13: 150 | U13: 100 | V13: 0.046160128 | W13: 47.254855 | X13: 71.640625 | Y13: 150 | Z13: 0.75 | AA13: 2.8411034 | AB13: 71.59375 | AC13: 207.06527 | AD13: 209.90637 | AE13: 0.093629336 | AF13: 7.9540974 | AG13: -6.0660096e-10 | AH13: 2.888576e-12 | AI13: FALSE | AJ13: FALSE | AK13: TRUE | AL13: 0.3777525 | AM13: FALSE | AN13: curve_number | AO13: 100 | AP13: FALSE
A14: 50mm_uniform | B14: 50 | C14: uniform | D14: 1.875 | E14: 30 | F14: 98 | G14: 5 | H14: 0.62 | I14: 50 | J14: 177.10337 | K14: 10 | L14: 187.10337 | M14: 0 | N14: 0 | O14: 1.4177083 | P14: 0.057698131 | Q14: 59.984375 | R14: h0.750_o100 | S14: 0.75 | T14: 150 | U14: 100 | V14: 0.021655148 | W14: 62.468199 | X14: 66.640625 | Y14: 134.46641 | Z14: 0.67233206 | AA14: 0 | AC14: 187.01236 | AD14: 187.01236 | AE14: 0.091012039 | AF14: 7.553565 | AG14: -5.8718362e-10 | AH14: 3.1382846e-12 | AI14: TRUE | AJ14: TRUE | AK14: TRUE | AL14: 0.37189542 | AM14: TRUE | AN14: lag_min | AO14: 5 | AP14: FALSE
A15: 50mm_front_loaded | B15: 50 | C15: front_loaded | D15: 1.875 | E15: 30 | F15: 98 | G15: 5 | H15: 0.62 | I15: 50 | J15: 177.10337 | K15: 10 | L15: 187.10337 | M15: 0 | N15: 0 | O15: 1.4177083 | P15: 0.079650305 | Q15: 19.984375 | R15: h0.750_o100 | S15: 0.75 | T15: 150 | U15: 100 | V15: 0.021261688 | W15: 73.306206 | X15: 57.515625 | Y15: 129.98948 | Z15: 0.64994742 | AA15: 0 | AC15: 187.01323 | AD15: 187.01323 | AE15: 0.090142911 | AF15: 7.416717 | AG15: -6.0038932e-10 | AH15: 3.2088643e-12 | AI15: TRUE | AJ15: TRUE | AK15: TRUE | AL15: 0.36884738 | AM15: TRUE | AN15: lag_min | AO15: 5 | AP15: FALSE
A16: 50mm_back_loaded | B16: 50 | C16: back_loaded | D16: 1.875 | E16: 30 | F16: 98 | G16: 5 | H16: 0.62 | I16: 50 | J16: 177.10337 | K16: 10 | L16: 187.10337 | M16: 0 | N16: 0 | O16: 1.4177083 | P16: 0.096581821 | Q16: 59.984375 | R16: h0.750_o100 | S16: 0.75 | T16: 150 | U16: 100 | V16: 0.02253692 | W16: 76.665463 | X16: 68.109375 | Y16: 144.79832 | Z16: 0.72399162 | AA16: 0 | AC16: 187.01136 | AD16: 187.01136 | AE16: 0.092008876 | AF16: 7.7081278 | AG16: -5.6769622e-10 | AH16: 3.0341315e-12 | AI16: TRUE | AJ16: TRUE | AK16: TRUE | AL16: 0.37708137 | AM16: TRUE | AN16: lag_min | AO16: 5 | AP16: FALSE
A17: 50mm_uniform | B17: 50 | C17: uniform | D17: 1.875 | E17: 30 | F17: 98 | G17: 10 | H17: 0.62 | I17: 50 | J17: 177.10337 | K17: 10 | L17: 187.10337 | M17: 0 | N17: 0 | O17: 1.834375 | P17: 0.05747879 | Q17: 59.984375 | R17: h0.750_o100 | S17: 0.75 | T17: 150 | U17: 100 | V17: 0.021216141 | W17: 63.088748 | X17: 73.390625 | Y17: 129.47654 | Z17: 0.64738271 | AA17: 0 | AC17: 187.01172 | AD17: 187.01172 | AE17: 0.091649252 | AF17: 7.6526577 | AG17: -5.9858525e-10 | AH17: 3.1992222e-12 | AI17: TRUE | AJ17: TRUE | AK17: TRUE | AL17: 0.3895985 | AM17: TRUE | AN17: lag_min | AO17: 10 | AP17: TRUE
A18: 50mm_front_loaded | B18: 50 | C18: front_loaded | D18: 1.875 | E18: 30 | F18: 98 | G18: 10 | H18: 0.62 | I18: 50 | J18: 177.10337 | K18: 10 | L18: 187.10337 | M18: 0 | N18: 0 | O18: 1.834375 | P18: 0.073191362 | Q18: 26.234375 | R18: h0.750_o100 | S18: 0.75 | T18: 150 | U18: 100 | V18: 0.021044243 | W18: 71.247641 | X18: 64.578125 | Y18: 127.55061 | Z18: 0.63775305 | AA18: 0 | AC18: 187.01261 | AD18: 187.01261 | AE18: 0.09075858 | AF18: 7.5138598 | AG18: -5.9705871e-10 | AH18: 3.1910633e-12 | AI18: TRUE | AJ18: TRUE | AK18: TRUE | AL18: 0.39767363 | AM18: TRUE | AN18: lag_min | AO18: 10 | AP18: TRUE
A19: 50mm_back_loaded | B19: 50 | C19: back_loaded | D19: 1.875 | E19: 30 | F19: 98 | G19: 10 | H19: 0.62 | I19: 50 | J19: 177.10337 | K19: 10 | L19: 187.10337 | M19: 0 | N19: 0 | O19: 1.834375 | P19: 0.085673949 | Q19: 59.984375 | R19: h0.750_o100 | S19: 0.75 | T19: 150 | U19: 100 | V19: 0.021940211 | W19: 74.391036 | X19: 76.171875 | Y19: 137.76136 | Z19: 0.68880682 | AA19: 0 | AC19: 187.01072 | AD19: 187.01072 | AE19: 0.092648516 | AF19: 7.8059894 | AG19: -5.7200612e-10 | AH19: 3.0571663e-12 | AI19: TRUE | AJ19: TRUE | AK19: TRUE | AL19: 0.40630308 | AM19: TRUE | AN19: lag_min | AO19: 10 | AP19: TRUE
A20: 50mm_uniform | B20: 50 | C20: uniform | D20: 1.875 | E20: 30 | F20: 98 | G20: 15 | H20: 0.62 | I20: 50 | J20: 177.10337 | K20: 10 | L20: 187.10337 | M20: 0 | N20: 0 | O20: 2.2510417 | P20: 0.056691839 | Q20: 59.984375 | R20: h0.750_o100 | S20: 0.75 | T20: 150 | U20: 100 | V20: 0.020748136 | W20: 63.401899 | X20: 80.296875 | Y20: 124.26987 | Z20: 0.62134936 | AA20: 0 | AC20: 187.01109 | AD20: 187.01109 | AE20: 0.092284736 | AF20: 7.7504576 | AG20: -5.9347971e-10 | AH20: 3.1719349e-12 | AI20: TRUE | AJ20: TRUE | AK20: TRUE | AL20: 0.38881763 | AM20: TRUE | AN20: lag_min | AO20: 15 | AP20: FALSE
A21: 50mm_front_loaded | B21: 50 | C21: front_loaded | D21: 1.875 | E21: 30 | F21: 98 | G21: 15 | H21: 0.62 | I21: 50 | J21: 177.10337 | K21: 10 | L21: 187.10337 | M21: 0 | N21: 0 | O21: 2.2510417 | P21: 0.066188978 | Q21: 34.078125 | R21: h0.750_o100 | S21: 0.75 | T21: 150 | U21: 100 | V21: 0.020701249 | W21: 68.724024 | X21: 71.109375 | Y21: 123.75465 | Z21: 0.61877326 | AA21: 0 | AC21: 187.012 | AD21: 187.012 | AE21: 0.091371402 | AF21: 7.6095768 | AG21: -6.0162281e-10 | AH21: 3.2154568e-12 | AI21: TRUE | AJ21: TRUE | AK21: TRUE | AL21: 0.44235512 | AM21: TRUE | AN21: lag_min | AO21: 15 | AP21: FALSE
A22: 50mm_back_loaded | B22: 50 | C22: back_loaded | D22: 1.875 | E22: 30 | F22: 98 | G22: 15 | H22: 0.62 | I22: 50 | J22: 177.10337 | K22: 10 | L22: 187.10337 | M22: 0 | N22: 0 | O22: 2.2510417 | P22: 0.075895893 | Q22: 65.890625 | R22: h0.750_o100 | S22: 0.75 | T22: 150 | U22: 100 | V22: 0.021343669 | W22: 71.877702 | X22: 84.046875 | Y22: 130.9155 | Z22: 0.65457752 | AA22: 0 | AC22: 187.01009 | AD22: 187.01009 | AE22: 0.093283891 | AF22: 7.9022003 | AG22: -5.7422579e-10 | AH22: 3.0690296e-12 | AI22: TRUE | AJ22: TRUE | AK22: TRUE | AL22: 0.39269571 | AM22: TRUE | AN22: lag_min | AO22: 15 | AP22: FALSE
A23: 50mm_uniform | B23: 50 | C23: uniform | D23: 1.875 | E23: 30 | F23: 98 | G23: 10 | H23: 0.5 | I23: 50 | J23: 177.10337 | K23: 10 | L23: 187.10337 | M23: 0 | N23: 0 | O23: 1.834375 | P23: 0.05747879 | Q23: 59.984375 | R23: h0.750_o100 | S23: 0.75 | T23: 150 | U23: 100 | V23: 0.017726506 | W23: 69.159917 | X23: 74.484375 | Y23: 138.23482 | Z23: 0.69117412 | AA23: 0 | AC23: 186.9601 | AD23: 186.9601 | AE23: 0.14326677 | AF23: 9.5681774 | AG23: -3.3318553e-10 | AH23: 1.7807564e-12 | AI23: TRUE | AJ23: TRUE | AK23: TRUE | AL23: 0.37670079 | AM23: TRUE | AN23: discharge_coefficient | AO23: 0.5 | AP23: FALSE
A24: 50mm_front_loaded | B24: 50 | C24: front_loaded | D24: 1.875 | E24: 30 | F24: 98 | G24: 10 | H24: 0.5 | I24: 50 | J24: 177.10337 | K24: 10 | L24: 187.10337 | M24: 0 | N24: 0 | O24: 1.834375 | P24: 0.073191362 | Q24: 26.234375 | R24: h0.750_o100 | S24: 0.75 | T24: 150 | U24: 100 | V24: 0.017601633 | W24: 75.951216 | X24: 66.765625 | Y24: 136.43634 | Z24: 0.6821817 | AA24: 0 | AC24: 186.96149 | AD24: 186.96149 | AE24: 0.14187698 | AF24: 9.4307717 | AG24: -3.2353811e-10 | AH24: 1.7291945e-12 | AI24: TRUE | AJ24: TRUE | AK24: TRUE | AL24: 0.39840221 | AM24: TRUE | AN24: discharge_coefficient | AO24: 0.5 | AP24: FALSE
A25: 50mm_back_loaded | B25: 50 | C25: back_loaded | D25: 1.875 | E25: 30 | F25: 98 | G25: 10 | H25: 0.5 | I25: 50 | J25: 177.10337 | K25: 10 | L25: 187.10337 | M25: 0 | N25: 0 | O25: 1.834375 | P25: 0.085673949 | Q25: 59.984375 | R25: h0.750_o100 | S25: 0.75 | T25: 150 | U25: 100 | V25: 0.01819989 | W25: 78.756798 | X25: 77.296875 | Y25: 145.16839 | Z25: 0.72584196 | AA25: 0 | AC25: 186.95851 | AD25: 186.95851 | AE25: 0.14485708 | AF25: 9.7229765 | AG25: -3.1855907e-10 | AH25: 1.7025833e-12 | AI25: TRUE | AJ25: TRUE | AK25: TRUE | AL25: 0.37985438 | AM25: TRUE | AN25: discharge_coefficient | AO25: 0.5 | AP25: FALSE
... A31: 50mm_back_loaded | B31: 50 | C31: back_loaded | D31: 1.875 | E31: 30 | F31: 98 | G31: 10 | H31: 0.75 | I31: 50 | J31: 177.10337 | K31: 10 | L31: 187.10337 | M31: 0 | N31: 0 | O31: 1.834375 | P31: 0.085673949 | Q31: 59.984375 | R31: h0.750_o100 | S31: 0.75 | T31: 150 | U31: 100 | V31: 0.025758769 | W31: 69.933955 | X31: 75.203125 | Y31: 130.35308 | Z31: 0.6517654 | AA31: 0 | AC31: 187.0408 | AD31: 187.0408 | AE31: 0.062567404 | AF31: 6.423208 | AG31: -9.1948475e-10 | AH31: 4.9143142e-12 | AI31: TRUE | AJ31: TRUE | AK31: TRUE | AL31: 0.36907067 | AM31: TRUE | AN31: discharge_coefficient | AO31: 0.75 | AP31: FALSE

Sheet Convergence
A1: Time-step verification
A2: Relative changes compare coarse and fine outputs. Overflow onset is the start of the first overflowing interval; drawdown uses the final threshold crossing.
A4: event_id | B4: design_id | C4: coarse_dt_s | D4: fine_dt_s | E4: peak_downstream_m3_s_relative_change | F4: maximum_storage_m3_relative_change | G4: baseline_peak_m3_s_relative_change | H4: overflow_change_m3 | I4: overflow_onset_change_s | J4: overflow_classification_stable | K4: drawdown_change_s | L4: acceptance_stable | M4: peak_storage_converged
A5: 25mm_uniform | B5: h0.150_o40 | C5: 30 | D5: 15 | E5: 0.00041582816 | F5: 0 | G5: 0.00041582816 | H5: 0.035182611 | I5: 15 | J5: TRUE | K5: 59.703658 | L5: TRUE | M5: TRUE
A6: 25mm_uniform | B6: h0.150_o60 | C6: 30 | D6: 15 | E6: 0.00041582816 | F6: 0 | G6: 0.00041582816 | H6: 0.062541533 | I6: 15 | J6: TRUE | K6: 59.152888 | L6: TRUE | M6: TRUE
A7: 25mm_uniform | B7: h0.150_o80 | C7: 30 | D7: 15 | E7: 0.00041582816 | F7: 0 | G7: 0.00041582816 | H7: 0.088287687 | I7: 15 | J7: TRUE | K7: 58.585753 | L7: TRUE | M7: TRUE
A8: 25mm_uniform | B8: h0.150_o100 | C8: 30 | D8: 15 | E8: 0.00041582816 | F8: 0 | G8: 0.00041582816 | H8: 0.11017135 | I8: 15 | J8: TRUE | K8: 58.318387 | L8: TRUE | M8: TRUE
A9: 25mm_uniform | B9: h0.300_o40 | C9: 30 | D9: 15 | E9: 0.00038893002 | F9: 0 | G9: 0.00041582816 | H9: 0.046763058 | I9: 15 | J9: TRUE | K9: 53.27718 | L9: TRUE | M9: TRUE
A10: 25mm_uniform | B10: h0.300_o60 | C10: 30 | D10: 15 | E10: 0.016300829 | F10: 0 | G10: 0.00041582816 | H10: 0.081559069 | I10: 15 | J10: TRUE | K10: 52.687421 | L10: TRUE | M10: FALSE
A11: 25mm_uniform | B11: h0.300_o80 | C11: 30 | D11: 15 | E11: 0.073501361 | F11: 0 | G11: 0.00041582816 | H11: 0.10877632 | I11: 15 | J11: TRUE | K11: 52.080799 | L11: TRUE | M11: FALSE
A12: 25mm_uniform | B12: h0.300_o100 | C12: 30 | D12: 15 | E12: 0.0013970878 | F12: 0.0022481221 | G12: 0.00041582816 | H12: 0 | J12: TRUE | K12: 42.652607 | L12: TRUE | M12: TRUE
A13: 25mm_uniform | B13: h0.450_o40 | C13: 30 | D13: 15 | E13: 0.00034294197 | F13: 0.00064927031 | G13: 0.00041582816 | H13: 0 | J13: TRUE | K13: 30.24852 | L13: TRUE | M13: TRUE
A14: 25mm_uniform | B14: h0.450_o60 | C14: 30 | D14: 15 | E14: 0.00066092892 | F14: 0.0012042111 | G14: 0.00041582816 | H14: 0 | J14: TRUE | K14: 33.579593 | L14: TRUE | M14: TRUE
A15: 25mm_uniform | B15: h0.450_o80 | C15: 30 | D15: 15 | E15: 0.0010233294 | F15: 0.0017703511 | G15: 0.00041582816 | H15: 0 | J15: TRUE | K15: 36.065326 | L15: TRUE | M15: TRUE
A16: 25mm_uniform | B16: h0.450_o100 | C16: 30 | D16: 15 | E16: 0.0013970878 | F16: 0.0022481221 | G16: 0.00041582816 | H16: 0 | J16: TRUE | K16: 38.095649 | L16: TRUE | M16: TRUE
A17: 25mm_uniform | B17: h0.600_o40 | C17: 30 | D17: 15 | E17: 0.00034294197 | F17: 0.00064927031 | G17: 0.00041582816 | H17: 0 | J17: TRUE | K17: 27.013534 | L17: TRUE | M17: TRUE
A18: 25mm_uniform | B18: h0.600_o60 | C18: 30 | D18: 15 | E18: 0.00066092892 | F18: 0.0012042111 | G18: 0.00041582816 | H18: 0 | J18: TRUE | K18: 30.342033 | L18: TRUE | M18: TRUE
A19: 25mm_uniform | B19: h0.600_o80 | C19: 30 | D19: 15 | E19: 0.0010233294 | F19: 0.0017703511 | G19: 0.00041582816 | H19: 0 | J19: TRUE | K19: 32.833263 | L19: TRUE | M19: TRUE
A20: 25mm_uniform | B20: h0.600_o100 | C20: 30 | D20: 15 | E20: 0.0013970878 | F20: 0.0022481221 | G20: 0.00041582816 | H20: 0 | J20: TRUE | K20: 34.865145 | L20: TRUE | M20: TRUE
A21: 25mm_uniform | B21: h0.750_o40 | C21: 30 | D21: 15 | E21: 0.00034294197 | F21: 0.00064927031 | G21: 0.00041582816 | H21: 0 | J21: TRUE | K21: 24.502837 | L21: TRUE | M21: TRUE
A22: 25mm_uniform | B22: h0.750_o60 | C22: 30 | D22: 15 | E22: 0.00066092892 | F22: 0.0012042111 | G22: 0.00041582816 | H22: 0 | J22: TRUE | K22: 27.834824 | L22: TRUE | M22: TRUE
A23: 25mm_uniform | B23: h0.750_o80 | C23: 30 | D23: 15 | E23: 0.0010233294 | F23: 0.0017703511 | G23: 0.00041582816 | H23: 0 | J23: TRUE | K23: 30.324023 | L23: TRUE | M23: TRUE
... A28: 25mm_uniform | B28: h0.900_o100 | C28: 30 | D28: 15 | E28: 0.0013970878 | F28: 0.0022481221 | G28: 0.00041582816 | H28: 0 | J28: TRUE | K28: 30.311352 | L28: TRUE | M28: TRUE
A29: 25mm_front_loaded | B29: h0.150_o40 | C29: 30 | D29: 15 | E29: 0.0021004911 | F29: 0 | G29: 0.0021867696 | H29: 0.031465331 | I29: 15 | J29: TRUE | K29: 56.723765 | L29: TRUE | M29: TRUE
A30: 25mm_front_loaded | B30: h0.150_o60 | C30: 30 | D30: 15 | E30: 0.0020812509 | F30: 0 | G30: 0.0021867696 | H30: 0.054332864 | I30: 15 | J30: TRUE | K30: 56.031036 | L30: TRUE | M30: TRUE
A31: 25mm_front_loaded | B31: h0.150_o80 | C31: 30 | D31: 15 | E31: 0.0034047078 | F31: 0 | G31: 0.0021867696 | H31: 0.076501271 | I31: 0 | J31: TRUE | K31: 55.810446 | L31: TRUE | M31: TRUE
A32: 25mm_front_loaded | B32: h0.150_o100 | C32: 30 | D32: 15 | E32: 0.0021250179 | F32: 0 | G32: 0.0021867696 | H32: 0.095227612 | I32: 15 | J32: TRUE | K32: 55.718758 | L32: TRUE | M32: TRUE
A33: 25mm_front_loaded | B33: h0.300_o40 | C33: 30 | D33: 15 | E33: 0.003429524 | F33: 0 | G33: 0.0021867696 | H33: 0.040343881 | I33: 15 | J33: TRUE | K33: 50.251426 | L33: TRUE | M33: TRUE
A34: 25mm_front_loaded | B34: h0.300_o60 | C34: 30 | D34: 15 | E34: 0.02081258 | F34: 0 | G34: 0.0021867696 | H34: 0.067968453 | I34: 15 | J34: TRUE | K34: 49.82355 | L34: TRUE | M34: FALSE
A35: 25mm_front_loaded | B35: h0.300_o80 | C35: 30 | D35: 15 | E35: 0.00081071986 | F35: 0.0013975832 | G35: 0.0021867696 | H35: 0 | J35: TRUE | K35: 40.42885 | L35: TRUE | M35: TRUE
A36: 25mm_front_loaded | B36: h0.300_o100 | C36: 30 | D36: 15 | E36: 0.0011702259 | F36: 0.0018682532 | G36: 0.0021867696 | H36: 0 | J36: TRUE | K36: 42.510062 | L36: TRUE | M36: TRUE
A37: 25mm_front_loaded | B37: h0.450_o40 | C37: 30 | D37: 15 | E37: 0.00029320046 | F37: 0.00055497111 | G37: 0.0021867696 | H37: 0 | J37: TRUE | K37: 30.024903 | L37: TRUE | M37: TRUE
A38: 25mm_front_loaded | B38: h0.450_o60 | C38: 30 | D38: 15 | E38: 0.00054723338 | F38: 0.00099593284 | G38: 0.0021867696 | H38: 0 | J38: TRUE | K38: 33.361269 | L38: TRUE | M38: TRUE
A39: 25mm_front_loaded | B39: h0.450_o80 | C39: 30 | D39: 15 | E39: 0.00081071986 | F39: 0.0013975832 | G39: 0.0021867696 | H39: 0 | J39: TRUE | K39: 35.872932 | L39: TRUE | M39: TRUE
A40: 25mm_front_loaded | B40: h0.450_o100 | C40: 30 | D40: 15 | E40: 0.0011702259 | F40: 0.0018682532 | G40: 0.0021867696 | H40: 0 | J40: TRUE | K40: 37.94505 | L40: TRUE | M40: TRUE
A41: 25mm_front_loaded | B41: h0.600_o40 | C41: 30 | D41: 15 | E41: 0.00029320046 | F41: 0.00055497111 | G41: 0.0021867696 | H41: 0 | J41: TRUE | K41: 26.789062 | L41: TRUE | M41: TRUE
A42: 25mm_front_loaded | B42: h0.600_o60 | C42: 30 | D42: 15 | E42: 0.00054723338 | F42: 0.00099593284 | G42: 0.0021867696 | H42: 0 | J42: TRUE | K42: 30.13067 | L42: TRUE | M42: TRUE
A43: 25mm_front_loaded | B43: h0.600_o80 | C43: 30 | D43: 15 | E43: 0.00081071986 | F43: 0.0013975832 | G43: 0.0021867696 | H43: 0 | J43: TRUE | K43: 32.639985 | L43: TRUE | M43: TRUE
A44: 25mm_front_loaded | B44: h0.600_o100 | C44: 30 | D44: 15 | E44: 0.0011702259 | F44: 0.0018682532 | G44: 0.0021867696 | H44: 0 | J44: TRUE | K44: 34.719438 | L44: TRUE | M44: TRUE
A45: 25mm_front_loaded | B45: h0.750_o40 | C45: 30 | D45: 15 | E45: 0.00029320046 | F45: 0.00055497111 | G45: 0.0021867696 | H45: 0 | J45: TRUE | K45: 24.280239 | L45: TRUE | M45: TRUE
A46: 25mm_front_loaded | B46: h0.750_o60 | C46: 30 | D46: 15 | E46: 0.00054723338 | F46: 0.00099593284 | G46: 0.0021867696 | H46: 0 | J46: TRUE | K46: 27.623448 | L46: TRUE | M46: TRUE
... A52: 25mm_front_loaded | B52: h0.900_o100 | C52: 30 | D52: 15 | E52: 0.0011702259 | F52: 0.0018682532 | G52: 0.0021867696 | H52: 0 | J52: TRUE | K52: 30.168519 | L52: TRUE | M52: TRUE
A53: 25mm_back_loaded | B53: h0.150_o40 | C53: 30 | D53: 15 | E53: 0.0037927191 | F53: 0 | G53: 0.0037927191 | H53: 0.038566616 | I53: 0 | J53: TRUE | K53: 61.691971 | L53: TRUE | M53: TRUE
A54: 25mm_back_loaded | B54: h0.150_o60 | C54: 30 | D54: 15 | E54: 0.0037927191 | F54: 0 | G54: 0.0037927191 | H54: 0.069480313 | I54: 0 | J54: TRUE | K54: 60.93164 | L54: TRUE | M54: TRUE
A55: 25mm_back_loaded | B55: h0.150_o80 | C55: 30 | D55: 15 | E55: 0.0037927191 | F55: 0 | G55: 0.0037927191 | H55: 0.10210868 | I55: 15 | J55: TRUE | K55: 60.536001 | L55: TRUE | M55: TRUE
A56: 25mm_back_loaded | B56: h0.150_o100 | C56: 30 | D56: 15 | E56: 0.0037927191 | F56: 0 | G56: 0.0037927191 | H56: 0.13087687 | I56: 15 | J56: TRUE | K56: 60.16851 | L56: TRUE | M56: TRUE
A57: 25mm_back_loaded | B57: h0.300_o40 | C57: 30 | D57: 15 | E57: 0.01820643 | F57: 0 | G57: 0.0037927191 | H57: 0.05152094 | I57: 0 | J57: TRUE | K57: 54.997795 | L57: TRUE | M57: FALSE
A58: 25mm_back_loaded | B58: h0.300_o60 | C58: 30 | D58: 15 | E58: 0.028969752 | F58: 0 | G58: 0.0037927191 | H58: 0.092783813 | I58: 0 | J58: TRUE | K58: 54.381241 | L58: TRUE | M58: FALSE
A59: 25mm_back_loaded | B59: h0.300_o80 | C59: 30 | D59: 15 | E59: 0.04167286 | F59: 0 | G59: 0.0037927191 | H59: 0.13295966 | I59: 0 | J59: TRUE | K59: 53.944691 | L59: TRUE | M59: FALSE
A60: 25mm_back_loaded | B60: h0.300_o100 | C60: 30 | D60: 15 | E60: 0.0016516902 | F60: 0.0027116316 | G60: 0.0037927191 | H60: 0 | J60: TRUE | K60: 42.365984 | L60: TRUE | M60: TRUE
A61: 25mm_back_loaded | B61: h0.450_o40 | C61: 30 | D61: 15 | E61: 0.00037640535 | F61: 0.00071316229 | G61: 0.0037927191 | H61: 0 | J61: TRUE | K61: 30.171154 | L61: TRUE | M61: TRUE
A62: 25mm_back_loaded | B62: h0.450_o60 | C62: 30 | D62: 15 | E62: 0.00073898217 | F62: 0.0013504174 | G62: 0.0037927191 | H62: 0 | J62: TRUE | K62: 33.429635 | L62: TRUE | M62: TRUE
A63: 25mm_back_loaded | B63: h0.450_o80 | C63: 30 | D63: 15 | E63: 0.0011678847 | F63: 0.00203748 | G63: 0.0037927191 | H63: 0 | J63: TRUE | K63: 35.841882 | L63: TRUE | M63: TRUE
A64: 25mm_back_loaded | B64: h0.450_o100 | C64: 30 | D64: 15 | E64: 0.0016516902 | F64: 0.0027116316 | G64: 0.0037927191 | H64: 0 | J64: TRUE | K64: 37.804705 | L64: TRUE | M64: TRUE
A65: 25mm_back_loaded | B65: h0.600_o40 | C65: 30 | D65: 15 | E65: 0.00037640535 | F65: 0.00071316229 | G65: 0.0037927191 | H65: 0 | J65: TRUE | K65: 26.936122 | L65: TRUE | M65: TRUE
A66: 25mm_back_loaded | B66: h0.600_o60 | C66: 30 | D66: 15 | E66: 0.00073898217 | F66: 0.0013504174 | G66: 0.0037927191 | H66: 0 | J66: TRUE | K66: 30.19915 | L66: TRUE | M66: TRUE
A67: 25mm_back_loaded | B67: h0.600_o80 | C67: 30 | D67: 15 | E67: 0.0011678847 | F67: 0.00203748 | G67: 0.0037927191 | H67: 0 | J67: TRUE | K67: 32.609223 | L67: TRUE | M67: TRUE
A68: 25mm_back_loaded | B68: h0.600_o100 | C68: 30 | D68: 15 | E68: 0.0016516902 | F68: 0.0027116316 | G68: 0.0037927191 | H68: 0 | J68: TRUE | K68: 34.576864 | L68: TRUE | M68: TRUE
A69: 25mm_back_loaded | B69: h0.750_o40 | C69: 30 | D69: 15 | E69: 0.00037640535 | F69: 0.00071316229 | G69: 0.0037927191 | H69: 0 | J69: TRUE | K69: 24.425485 | L69: TRUE | M69: TRUE
A70: 25mm_back_loaded | B70: h0.750_o60 | C70: 30 | D70: 15 | E70: 0.00073898217 | F70: 0.0013504174 | G70: 0.0037927191 | H70: 0 | J70: TRUE | K70: 27.686093 | L70: TRUE | M70: TRUE
A71: 25mm_back_loaded | B71: h0.750_o80 | C71: 30 | D71: 15 | E71: 0.0011678847 | F71: 0.00203748 | G71: 0.0037927191 | H71: 0 | J71: TRUE | K71: 30.105129 | L71: TRUE | M71: TRUE
... A76: 25mm_back_loaded | B76: h0.900_o100 | C76: 30 | D76: 15 | E76: 0.0016516902 | F76: 0.0027116316 | G76: 0.0037927191 | H76: 0 | J76: TRUE | K76: 30.023108 | L76: TRUE | M76: TRUE
A77: 50mm_uniform | B77: h0.150_o40 | C77: 30 | D77: 15 | E77: 0.00014617723 | F77: 0 | G77: 0.00014617723 | H77: 0.041700836 | I77: 15 | J77: TRUE | K77: 62.612855 | L77: TRUE | M77: TRUE
A78: 50mm_uniform | B78: h0.150_o60 | C78: 30 | D78: 15 | E78: 0.00014617723 | F78: 0 | G78: 0.00014617723 | H78: 0.077720513 | I78: 0 | J78: TRUE | K78: 62.289777 | L78: TRUE | M78: TRUE
A79: 50mm_uniform | B79: h0.150_o80 | C79: 30 | D79: 15 | E79: 0.00014617723 | F79: 0 | G79: 0.00014617723 | H79: 0.1159263 | I79: 0 | J79: TRUE | K79: 61.806543 | L79: TRUE | M79: TRUE
A80: 50mm_uniform | B80: h0.150_o100 | C80: 30 | D80: 15 | E80: 0.00014617723 | F80: 0 | G80: 0.00014617723 | H80: 0.15395883 | I80: 15 | J80: TRUE | K80: 61.527557 | L80: TRUE | M80: TRUE
A81: 50mm_uniform | B81: h0.300_o40 | C81: 30 | D81: 15 | E81: 0.00014617723 | F81: 0 | G81: 0.00014617723 | H81: 0.056347781 | I81: 0 | J81: TRUE | K81: 56.330185 | L81: TRUE | M81: TRUE
A82: 50mm_uniform | B82: h0.300_o60 | C82: 30 | D82: 15 | E82: 0.00014617723 | F82: 0 | G82: 0.00014617723 | H82: 0.1044958 | I82: 15 | J82: TRUE | K82: 55.809172 | L82: TRUE | M82: TRUE
A83: 50mm_uniform | B83: h0.300_o80 | C83: 30 | D83: 15 | E83: 0.00014617723 | F83: 0 | G83: 0.00014617723 | H83: 0.15564911 | I83: 15 | J83: TRUE | K83: 55.436431 | L83: TRUE | M83: TRUE
A84: 50mm_uniform | B84: h0.300_o100 | C84: 30 | D84: 15 | E84: 0.00014617723 | F84: 0 | G84: 0.00014617723 | H84: 0.20256635 | I84: 0 | J84: TRUE | K84: 55.06397 | L84: TRUE | M84: TRUE
A85: 50mm_uniform | B85: h0.450_o40 | C85: 30 | D85: 15 | E85: 0.00014617723 | F85: 0 | G85: 0.00014617723 | H85: 0.065641977 | I85: 0 | J85: TRUE | K85: 52.330058 | L85: TRUE | M85: TRUE
A86: 50mm_uniform | B86: h0.450_o60 | C86: 30 | D86: 15 | E86: 0.00014617723 | F86: 0 | G86: 0.00014617723 | H86: 0.12052494 | I86: 15 | J86: TRUE | K86: 51.805969 | L86: TRUE | M86: TRUE
A87: 50mm_uniform | B87: h0.450_o80 | C87: 30 | D87: 15 | E87: 0.00014617723 | F87: 0 | G87: 0.00014617723 | H87: 0.17712906 | I87: 15 | J87: TRUE | K87: 51.462123 | L87: TRUE | M87: TRUE
A88: 50mm_uniform | B88: h0.450_o100 | C88: 30 | D88: 15 | E88: 0.00014617723 | F88: 0 | G88: 0.00014617723 | H88: 0.23038421 | I88: 15 | J88: TRUE | K88: 51.340945 | L88: TRUE | M88: TRUE
... A94: 50mm_uniform | B94: h0.750_o60 | C94: 30 | D94: 15 | E94: 0.012781812 | F94: 0 | G94: 0.00014617723 | H94: 0.14450367 | I94: 15 | J94: TRUE | K94: 47.076785 | L94: TRUE | M94: FALSE
A95: 50mm_uniform | B95: h0.750_o80 | C95: 30 | D95: 15 | E95: 0.00072992787 | F95: 0.0013783386 | G95: 0.00014617723 | H95: 0 | J95: TRUE | K95: 33.11555 | L95: TRUE | M95: TRUE
A96: 50mm_uniform | B96: h0.750_o100 | C96: 30 | D96: 15 | E96: 0.00099273184 | F96: 0.001828811 | G96: 0.00014617723 | H96: 0 | J96: TRUE | K96: 35.119815 | L96: TRUE | M96: TRUE
A97: 50mm_uniform | B97: h0.900_o40 | C97: 30 | D97: 15 | E97: 0.00024446684 | F97: 0.00047757401 | G97: 0.00014617723 | H97: 0 | J97: TRUE | K97: 25.324696 | L97: TRUE | M97: TRUE
A98: 50mm_uniform | B98: h0.900_o60 | C98: 30 | D98: 15 | E98: 0.0004621683 | F98: 0.00088940583 | G98: 0.00014617723 | H98: 0 | J98: TRUE | K98: 28.618222 | L98: TRUE | M98: TRUE
A99: 50mm_uniform | B99: h0.900_o80 | C99: 30 | D99: 15 | E99: 0.00072992787 | F99: 0.0013783386 | G99: 0.00014617723 | H99: 0 | J99: TRUE | K99: 31.069404 | L99: TRUE | M99: TRUE
A100: 50mm_uniform | B100: h0.900_o100 | C100: 30 | D100: 15 | E100: 0.00099273184 | F100: 0.001828811 | G100: 0.00014617723 | H100: 0 | J100: TRUE | K100: 33.065703 | L100: TRUE | M100: TRUE
A101: 50mm_front_loaded | B101: h0.150_o40 | C101: 30 | D101: 15 | E101: 0.0024444782 | F101: 0 | G101: 0.0024444782 | H101: 0.037830763 | I101: 0 | J101: TRUE | K101: 59.534107 | L101: TRUE | M101: TRUE
A102: 50mm_front_loaded | B102: h0.150_o60 | C102: 30 | D102: 15 | E102: 0.0024444782 | F102: 0 | G102: 0.0024444782 | H102: 0.070234529 | I102: 15 | J102: TRUE | K102: 59.276232 | L102: TRUE | M102: TRUE
A103: 50mm_front_loaded | B103: h0.150_o80 | C103: 30 | D103: 15 | E103: 0.0024444782 | F103: 0 | G103: 0.0024444782 | H103: 0.1045322 | I103: 15 | J103: TRUE | K103: 58.870664 | L103: TRUE | M103: TRUE
A104: 50mm_front_loaded | B104: h0.150_o100 | C104: 30 | D104: 15 | E104: 0.0024444782 | F104: 0 | G104: 0.0024444782 | H104: 0.13648954 | I104: 0 | J104: TRUE | K104: 58.615926 | L104: TRUE | M104: TRUE
A105: 50mm_front_loaded | B105: h0.300_o40 | C105: 30 | D105: 15 | E105: 0.002547329 | F105: 0 | G105: 0.0024444782 | H105: 0.050979303 | I105: 15 | J105: TRUE | K105: 53.325076 | L105: TRUE | M105: TRUE
A106: 50mm_front_loaded | B106: h0.300_o60 | C106: 30 | D106: 15 | E106: 0.0026290676 | F106: 0 | G106: 0.0024444782 | H106: 0.092851185 | I106: 15 | J106: TRUE | K106: 52.805761 | L106: TRUE | M106: TRUE
A107: 50mm_front_loaded | B107: h0.300_o80 | C107: 30 | D107: 15 | E107: 0.0026759614 | F107: 0 | G107: 0.0024444782 | H107: 0.13586988 | I107: 15 | J107: TRUE | K107: 52.374192 | L107: TRUE | M107: TRUE
A108: 50mm_front_loaded | B108: h0.300_o100 | C108: 30 | D108: 15 | E108: 0.004269322 | F108: 0 | G108: 0.0024444782 | H108: 0.17820299 | I108: 0 | J108: TRUE | K108: 52.292394 | L108: TRUE | M108: TRUE
A109: 50mm_front_loaded | B109: h0.450_o40 | C109: 30 | D109: 15 | E109: 0.0025376512 | F109: 0 | G109: 0.0024444782 | H109: 0.058338687 | I109: 15 | J109: TRUE | K109: 49.270585 | L109: TRUE | M109: TRUE
A110: 50mm_front_loaded | B110: h0.450_o60 | C110: 30 | D110: 15 | E110: 0.0067189402 | F110: 0 | G110: 0.0024444782 | H110: 0.10500097 | I110: 0 | J110: TRUE | K110: 48.778907 | L110: TRUE | M110: TRUE
A111: 50mm_front_loaded | B111: h0.450_o80 | C111: 30 | D111: 15 | E111: 0.0029341547 | F111: 0 | G111: 0.0024444782 | H111: 0.1540738 | I111: 15 | J111: TRUE | K111: 48.703501 | L111: TRUE | M111: TRUE
A112: 50mm_front_loaded | B112: h0.450_o100 | C112: 30 | D112: 15 | E112: 0.013494248 | F112: 0 | G112: 0.0024444782 | H112: 0.19362309 | I112: 15 | J112: TRUE | K112: 48.416753 | L112: TRUE | M112: FALSE
... A118: 50mm_front_loaded | B118: h0.750_o60 | C118: 30 | D118: 15 | E118: 0.030488397 | F118: 0 | G118: 0.0024444782 | H118: 0.12106092 | I118: 15 | J118: TRUE | K118: 44.065315 | L118: TRUE | M118: FALSE
A119: 50mm_front_loaded | B119: h0.750_o80 | C119: 30 | D119: 15 | E119: 0.00059555021 | F119: 0.0011240043 | G119: 0.0024444782 | H119: 0 | J119: TRUE | K119: 32.831946 | L119: TRUE | M119: TRUE
A120: 50mm_front_loaded | B120: h0.750_o100 | C120: 30 | D120: 15 | E120: 0.00081606032 | F120: 0.0015015573 | G120: 0.0024444782 | H120: 0 | J120: TRUE | K120: 34.82368 | L120: TRUE | M120: TRUE
A121: 50mm_front_loaded | B121: h0.900_o40 | C121: 30 | D121: 15 | E121: 0.00021137975 | F121: 0.0004129262 | G121: 0.0024444782 | H121: 0 | J121: TRUE | K121: 25.08399 | L121: TRUE | M121: TRUE
A122: 50mm_front_loaded | B122: h0.900_o60 | C122: 30 | D122: 15 | E122: 0.0003889838 | F122: 0.00074845254 | G122: 0.0024444782 | H122: 0 | J122: TRUE | K122: 28.349353 | L122: TRUE | M122: TRUE
A123: 50mm_front_loaded | B123: h0.900_o80 | C123: 30 | D123: 15 | E123: 0.00059555021 | F123: 0.0011240043 | G123: 0.0024444782 | H123: 0 | J123: TRUE | K123: 30.787953 | L123: TRUE | M123: TRUE
A124: 50mm_front_loaded | B124: h0.900_o100 | C124: 30 | D124: 15 | E124: 0.00081606032 | F124: 0.0015015573 | G124: 0.0024444782 | H124: 0 | J124: TRUE | K124: 32.782042 | L124: TRUE | M124: TRUE
...

Sheet Sources
A1: Source register
A2: All numerical source data are bundled with the project. URLs document provenance and are not needed for recomputation.
A4: id | B4: title | C4: url | D4: accessed | E4: use
A5: cn | B5: USACE HEC-HMS Technical Reference: SCS Curve Number Loss Model | C5: https://www.hec.usace.army.mil/confluence/hmsdocs/hmstrm/canopy-surface-infiltration-and-runoff-volume/infiltration/scs-curve-number-loss-model | D5: 2026-09-08 | E5: Cumulative event runoff equation, incremental differencing, and event-only limitation. CN 98 is a project assumption.
A6: uh | B6: USACE HEC-HMS Technical Reference: SCS Unit Hydrograph Model | C6: https://www.hec.usace.army.mil/confluence/hmsdocs/hmstrm/transform/scs-unit-hydrograph-model | D6: 2026-09-08 | E6: Tp = lag + excess-rainfall interval / 2; dimensionless hydrograph interpretation.
A7: ordinates | B7: TxDOT Hydraulic Design Manual: NRCS Dimensionless Unit Hydrograph, Table 4-29 | C7: https://www.txdot.gov/manuals/des/hyd/chapter-4--hydrology/section-13--hydrograph-method/nrcs-dimensionless-unit-hydrograph.html | D7: 2026-09-08 | E7: All 33 time and discharge ordinate pairs in scs_dimensionless_uh.csv, including terminal (5, 0). Table 4-29, not the rounded worked example in Table 4-30.
A8: routing | B8: USACE HEC-HMS Technical Reference: Reservoir Modeling Concepts and Equations | C8: https://www.hec.usace.army.mil/confluence/hmsdocs/hmstrm/reservoir-modeling/reservoir-modeling-concepts-and-equations | D8: 2026-09-08 | E8: Level-pool continuity and storage/outflow relationships. This project uses backward Euler, not the manual's trapezoidal Modified Puls implementation.
A9: outlet | B9: USACE HEC-HMS User's Manual: Outflow Structures Routing | C9: https://www.hec.usace.army.mil/confluence/hmsdocs/hmsum/latest/reservoir-elements/outflow-structures-routing | D9: 2026-09-08 | E9: Outlet submergence limitations. The vertically integrated floor opening with constant Cd is the project's idealized rating, not a copied or calibrated HEC-HMS structure.
A10: selection | B10: TxDOT Hydraulic Design Manual: Selection of the Appropriate Method for Calculating Runoff | C10: https://www.txdot.gov/manuals/des/hyd/chapter-4--hydrology/section-7--selection-of-the-appropriate-method-for.html | D10: 2026-09-08 | E10: Need for an event hydrograph for storage calculations rather than a peak-only runoff estimate.
